model,fold,row_index,match_id,date,actual,prediction,residual
hist_gradient_boosting,fold_1,3,H0004,2021-07-25,183.694985,176.5179755089593,-7.177009491040707
hist_gradient_boosting,fold_2,6,H0007,2022-09-24,129.480289,146.89090935381108,17.410620353811083
hist_gradient_boosting,fold_2,7,H0008,2023-01-11,121.154322,131.32989896909484,10.175576969094848
hist_gradient_boosting,fold_2,8,H0009,2022-06-06,139.293116,124.67559287967956,-14.617523120320442
hist_gradient_boosting,fold_1,11,H0012,2020-06-30,183.243903,172.81215668436244,-10.431746315637554
hist_gradient_boosting,fold_1,13,H0014,2020-09-07,170.796794,135.5189660092457,-35.277827990754304
hist_gradient_boosting,fold_3,15,H0016,2023-04-08,149.953225,173.72474600318884,23.771521003188838
hist_gradient_boosting,fold_3,17,H0018,2024-04-30,119.620279,140.52569979181456,20.905420791814564
hist_gradient_boosting,fold_1,18,H0019,2021-02-04,143.476193,159.69881972596377,16.222626725963778
hist_gradient_boosting,fold_1,19,H0020,2020-11-15,189.77568,165.6160246040927,-24.159655395907293
hist_gradient_boosting,fold_3,21,H0022,2023-04-29,160.716911,135.5274124854232,-25.189498514576798
hist_gradient_boosting,fold_1,23,H0024,2021-09-16,135.598247,142.78681796055932,7.188570960559332
hist_gradient_boosting,fold_3,25,H0026,2023-12-05,139.17006,154.1062253115253,14.936165311525286
hist_gradient_boosting,fold_2,27,H0028,2022-04-26,149.924119,124.6105471790015,-25.31357182099849
hist_gradient_boosting,fold_1,28,H0029,2020-07-10,162.864843,140.83168667979317,-22.033156320206842
hist_gradient_boosting,fold_1,29,H0030,2021-08-16,165.512334,172.05903519475874,6.546701194758725
hist_gradient_boosting,fold_2,30,H0031,2022-08-31,141.977017,128.41452960964244,-13.562487390357546
hist_gradient_boosting,fold_2,32,H0033,2022-07-28,147.233426,130.01937218593713,-17.21405381406288
hist_gradient_boosting,fold_2,34,H0035,2022-02-06,149.268617,134.47262137202307,-14.795995627976936
hist_gradient_boosting,fold_3,37,H0038,2024-07-13,141.669636,151.55202413678273,9.882388136782737
hist_gradient_boosting,fold_1,38,H0039,2020-09-30,119.664683,131.77018911512042,12.10550611512042
hist_gradient_boosting,fold_2,39,H0040,2022-02-22,159.589876,159.3179042377463,-0.2719717622537132
hist_gradient_boosting,fold_2,40,H0041,2022-03-17,131.270653,114.95081634384464,-16.319836656155374
hist_gradient_boosting,fold_3,42,H0043,2023-03-17,153.628101,173.71036588836577,20.082264888365785
hist_gradient_boosting,fold_1,44,H0045,2021-05-15,131.832096,134.25429007425154,2.4221940742515358
hist_gradient_boosting,fold_1,45,H0046,2020-11-15,127.350213,126.66759246391844,-0.6826205360815578
hist_gradient_boosting,fold_3,47,H0048,2024-06-13,208.649234,189.84499499894244,-18.804239001057567
hist_gradient_boosting,fold_1,48,H0049,2020-06-04,130.962653,172.59813096715015,41.635477967150166
hist_gradient_boosting,fold_2,49,H0050,2022-07-24,161.638,158.97864533576572,-2.659354664234286
hist_gradient_boosting,fold_1,50,H0051,2020-09-11,133.415175,161.36209979646782,27.946924796467812
hist_gradient_boosting,fold_3,51,H0052,2024-07-09,157.866639,137.23986791658544,-20.626771083414553
hist_gradient_boosting,fold_2,54,H0055,2023-01-22,119.47747,123.13266518516983,3.6551951851698306
hist_gradient_boosting,fold_1,55,H0056,2021-03-17,148.335177,121.46332151926309,-26.871855480736897
hist_gradient_boosting,fold_2,56,H0057,2022-09-22,126.902781,133.44200876310907,6.539227763109068
hist_gradient_boosting,fold_2,58,H0059,2022-04-15,136.78526,130.64092596303257,-6.144334036967422
hist_gradient_boosting,fold_1,60,H0061,2020-12-06,155.407423,144.58561660597485,-10.821806394025145
hist_gradient_boosting,fold_2,61,H0062,2023-02-23,156.473576,164.0153690920838,7.541793092083793
hist_gradient_boosting,fold_3,62,H0063,2024-07-15,123.259631,119.67953625151705,-3.5800947484829493
hist_gradient_boosting,fold_2,63,H0064,2022-05-11,134.103334,124.75182756957292,-9.351506430427065
hist_gradient_boosting,fold_1,65,H0066,2020-08-29,200.898625,158.19484603236012,-42.70377896763989
hist_gradient_boosting,fold_2,67,H0068,2022-09-19,118.917863,126.6395194663073,7.721656466307309
hist_gradient_boosting,fold_2,71,H0072,2022-08-09,139.641015,165.67964974363116,26.03863474363115
hist_gradient_boosting,fold_1,75,H0076,2021-05-26,141.137948,136.52746311310494,-4.610484886895051
hist_gradient_boosting,fold_3,78,H0079,2023-12-12,118.615149,127.13808263490749,8.522933634907488
hist_gradient_boosting,fold_2,79,H0080,2023-01-02,194.38275,184.31918181828496,-10.063568181715027
hist_gradient_boosting,fold_1,80,H0081,2021-07-01,126.998558,144.67335264396897,17.674794643968966
hist_gradient_boosting,fold_3,81,H0082,2023-03-27,143.154096,140.1070845981027,-3.047011401897322
hist_gradient_boosting,fold_2,84,H0085,2023-01-12,143.052677,127.9705165592675,-15.082160440732494
hist_gradient_boosting,fold_3,87,H0088,2023-11-15,176.139532,172.7938099035308,-3.3457220964691885
hist_gradient_boosting,fold_3,88,H0089,2023-04-30,146.723595,127.13784540254265,-19.585749597457337
hist_gradient_boosting,fold_1,89,H0090,2021-08-13,144.581428,181.74551426917463,37.164086269174646
hist_gradient_boosting,fold_2,90,H0091,2021-10-20,142.905141,166.78868496402018,23.88354396402019
hist_gradient_boosting,fold_2,91,H0092,2023-01-13,149.994928,158.15073205128712,8.155804051287134
hist_gradient_boosting,fold_3,92,H0093,2024-02-08,165.295584,163.47797560619236,-1.8176083938076317
hist_gradient_boosting,fold_1,93,H0094,2021-04-23,156.65485,142.67557273820987,-13.979277261790145
hist_gradient_boosting,fold_3,96,H0097,2024-01-11,126.645387,136.47203660083,9.826649600829995
hist_gradient_boosting,fold_1,98,H0099,2021-07-14,130.193525,129.26865401228676,-0.9248709877132342
hist_gradient_boosting,fold_2,100,H0101,2022-01-18,172.812894,147.7449052040139,-25.06798879598611
hist_gradient_boosting,fold_1,101,H0102,2020-05-24,121.660846,130.15238852778646,8.49154252778645
hist_gradient_boosting,fold_3,103,H0104,2024-06-03,140.94746,145.32825494144578,4.380794941445771
hist_gradient_boosting,fold_3,104,H0105,2023-09-25,137.547889,121.86589255034596,-15.681996449654036
hist_gradient_boosting,fold_3,105,H0106,2023-04-01,149.56439,137.0726525217942,-12.491737478205806
hist_gradient_boosting,fold_3,106,H0107,2024-01-09,141.316391,160.22357252712428,18.907181527124266
hist_gradient_boosting,fold_2,107,H0108,2022-04-06,118.277004,123.7871595263432,5.510155526343198
hist_gradient_boosting,fold_3,111,H0112,2023-03-06,172.74858,176.75280451929737,4.004224519297367
hist_gradient_boosting,fold_3,113,H0114,2024-01-24,124.20688,138.29216096235535,14.085280962355355
hist_gradient_boosting,fold_3,114,H0115,2023-12-04,168.008939,167.30461542146472,-0.7043235785352806
hist_gradient_boosting,fold_1,118,H0119,2020-09-24,179.01803,161.8123500414963,-17.20567995850371
hist_gradient_boosting,fold_3,124,H0125,2024-05-02,160.430043,152.81095108607238,-7.619091913927633
hist_gradient_boosting,fold_3,127,H0128,2023-05-28,129.687754,126.47406599935329,-3.2136880006467266
hist_gradient_boosting,fold_3,128,H0129,2023-07-03,197.070001,176.27568931156836,-20.794311688431634
hist_gradient_boosting,fold_3,130,H0131,2023-03-30,167.00117,133.42478416377355,-33.57638583622645
hist_gradient_boosting,fold_3,131,H0132,2023-04-26,141.788244,128.2323317830906,-13.555912216909405
hist_gradient_boosting,fold_3,132,H0133,2024-03-03,169.085419,174.19547240901298,5.110053409012977
hist_gradient_boosting,fold_1,133,H0134,2021-05-09,110.674359,134.4005100294297,23.726151029429715
hist_gradient_boosting,fold_2,135,H0136,2022-12-31,154.011252,127.14985358912843,-26.861398410871587
hist_gradient_boosting,fold_1,140,H0141,2020-06-11,173.632595,158.5184058945891,-15.114189105410901
hist_gradient_boosting,fold_1,141,H0142,2021-03-05,132.750505,124.16695037229883,-8.583554627701176
hist_gradient_boosting,fold_3,144,H0145,2023-04-16,167.175082,164.6484169485886,-2.5266650514114133
hist_gradient_boosting,fold_1,145,H0146,2020-10-20,111.858898,129.0382838586413,17.17938585864131
hist_gradient_boosting,fold_1,147,H0148,2020-12-13,140.570607,128.91512914328158,-11.65547785671842
hist_gradient_boosting,fold_3,148,H0149,2023-04-19,162.084136,155.54665687210047,-6.53747912789953
hist_gradient_boosting,fold_3,149,H0150,2023-05-19,125.460151,123.64665192377532,-1.813499076224673
hist_gradient_boosting,fold_1,152,H0153,2021-06-07,183.667784,175.79785594692697,-7.869928053073039
hist_gradient_boosting,fold_1,154,H0155,2020-09-23,122.203993,127.73352374591651,5.529530745916517
hist_gradient_boosting,fold_1,156,H0157,2020-11-27,143.670765,135.05389238785895,-8.616872612141037
hist_gradient_boosting,fold_1,157,H0158,2021-05-06,186.291265,169.74546299220543,-16.545802007794578
hist_gradient_boosting,fold_3,158,H0159,2024-05-09,173.98285,150.88806290259572,-23.094787097404293
hist_gradient_boosting,fold_2,159,H0160,2022-12-23,147.096345,159.84190287441777,12.745557874417756
hist_gradient_boosting,fold_3,162,H0163,2024-07-10,153.805134,161.96856689679387,8.163432896793864
hist_gradient_boosting,fold_1,165,H0166,2020-11-10,140.48468,157.96175549966034,17.477075499660344
hist_gradient_boosting,fold_3,167,H0168,2023-10-16,107.402665,128.86151596944026,21.458850969440263
hist_gradient_boosting,fold_3,172,H0173,2023-04-20,151.026066,171.39247884709462,20.366412847094637
hist_gradient_boosting,fold_2,176,H0177,2023-02-22,133.161928,137.65080284630145,4.4888748463014565
hist_gradient_boosting,fold_3,177,H0178,2024-01-30,144.932831,156.55237764780443,11.619546647804441
hist_gradient_boosting,fold_2,178,H0179,2022-10-29,114.748879,133.15492249458936,18.406043494589355
hist_gradient_boosting,fold_3,179,H0180,2024-01-18,101.212102,124.52975628070452,23.317654280704517
hist_gradient_boosting,fold_3,180,H0181,2024-05-24,201.412845,173.82007631339124,-27.592768686608764
hist_gradient_boosting,fold_3,181,H0182,2023-08-16,139.8981,143.57774889272352,3.6796488927235202
hist_gradient_boosting,fold_1,182,H0183,2021-03-14,145.242497,130.77502835044103,-14.467468649558953
hist_gradient_boosting,fold_3,183,H0184,2023-06-07,134.304233,142.92546249597254,8.621229495972528
hist_gradient_boosting,fold_3,184,H0185,2024-06-18,97.696023,127.78808852025892,30.092065520258927
hist_gradient_boosting,fold_1,185,H0186,2020-08-24,145.542835,150.01549330200248,4.472658302002486
hist_gradient_boosting,fold_2,186,H0187,2021-12-19,139.479896,128.62608675754177,-10.853809242458226
hist_gradient_boosting,fold_1,191,H0192,2020-05-31,160.005412,136.92979883087153,-23.075613169128474
hist_gradient_boosting,fold_2,193,H0194,2022-02-24,119.995948,127.59328042888234,7.597332428882339
hist_gradient_boosting,fold_1,195,H0196,2021-05-10,150.308825,175.56774278182655,25.25891778182654
hist_gradient_boosting,fold_1,200,H0201,2020-10-06,133.889569,146.02098520271744,12.131416202717446
hist_gradient_boosting,fold_2,201,H0202,2021-10-28,136.016116,148.2061874563616,12.19007145636158
hist_gradient_boosting,fold_3,203,H0204,2023-03-21,117.706484,123.15219286188527,5.445708861885265
hist_gradient_boosting,fold_1,204,H0205,2021-06-10,154.76783,119.68918013661795,-35.078649863382054
hist_gradient_boosting,fold_2,205,H0206,2022-07-05,126.325033,139.08339594638366,12.758362946383656
hist_gradient_boosting,fold_3,212,H0213,2024-06-29,156.576933,137.56082216970603,-19.016110830293968
hist_gradient_boosting,fold_2,213,H0214,2022-02-26,114.53955,133.9812216480986,19.44167164809859
hist_gradient_boosting,fold_3,223,H0224,2023-11-19,135.693147,129.6853965272897,-6.007750472710313
hist_gradient_boosting,fold_2,224,H0225,2022-02-18,174.549441,160.2226576171489,-14.32678338285109
hist_gradient_boosting,fold_1,225,H0226,2021-07-04,112.989085,129.26546256558038,16.276377565580376
hist_gradient_boosting,fold_2,226,H0227,2022-05-11,193.324715,186.08884205020138,-7.235872949798619
hist_gradient_boosting,fold_3,227,H0228,2024-04-30,183.682726,180.8352301311312,-2.847495868868805
hist_gradient_boosting,fold_2,231,H0232,2022-12-15,167.916254,169.09723897658262,1.1809849765826073
hist_gradient_boosting,fold_2,233,H0234,2021-12-20,139.267142,138.8372445372276,-0.42989746277240215
hist_gradient_boosting,fold_3,234,H0235,2023-06-09,152.7288,144.5717722502053,-8.157027749794707
hist_gradient_boosting,fold_1,241,H0242,2021-06-21,185.812781,162.04637782693942,-23.76640317306058
hist_gradient_boosting,fold_1,245,H0246,2021-04-19,174.226941,176.84844758608537,2.62150658608536
hist_gradient_boosting,fold_2,247,H0248,2023-02-04,164.707407,172.41101399363117,7.703606993631183
hist_gradient_boosting,fold_2,248,H0249,2022-08-29,150.087325,166.63086998006753,16.543544980067537
hist_gradient_boosting,fold_2,250,H0251,2022-06-03,143.091883,139.40064139437712,-3.691241605622878
hist_gradient_boosting,fold_1,251,H0252,2021-03-30,129.746433,123.32623369840435,-6.420199301595645
hist_gradient_boosting,fold_3,252,H0253,2023-06-25,151.688584,165.60771473359668,13.919130733596688
hist_gradient_boosting,fold_2,253,H0254,2022-02-23,114.302566,146.99117371690295,32.68860771690295
hist_gradient_boosting,fold_3,254,H0255,2023-04-13,139.410331,131.85656969603377,-7.55376130396624
hist_gradient_boosting,fold_3,256,H0257,2023-06-11,139.839053,130.987569973587,-8.851483026413007
hist_gradient_boosting,fold_3,257,H0258,2024-02-21,147.756514,168.82564630634712,21.069132306347115
hist_gradient_boosting,fold_1,258,H0259,2020-11-30,156.933124,148.124145283157,-8.808978716843
hist_gradient_boosting,fold_3,259,H0260,2023-12-23,155.260785,163.4041428562654,8.143357856265396
hist_gradient_boosting,fold_3,263,H0264,2024-03-27,145.983842,131.83791048214076,-14.145931517859253
hist_gradient_boosting,fold_3,264,H0265,2024-04-18,127.011051,133.38672975491804,6.375678754918042
hist_gradient_boosting,fold_1,265,H0266,2021-09-05,122.86288,126.96054285821495,4.097662858214946
hist_gradient_boosting,fold_3,267,H0268,2024-01-27,171.422696,170.54705296265118,-0.8756430373488229
hist_gradient_boosting,fold_1,268,H0269,2021-09-22,170.583356,163.18639510067578,-7.3969608993242275
hist_gradient_boosting,fold_1,269,H0270,2020-07-23,186.790711,154.8549475802208,-31.935763419779192
hist_gradient_boosting,fold_3,271,H0272,2023-12-15,157.465107,165.82156243724185,8.356455437241863
hist_gradient_boosting,fold_2,272,H0273,2022-05-26,135.355501,129.75997461092842,-5.59552638907158
hist_gradient_boosting,fold_3,280,H0281,2024-01-23,142.301879,158.7655896160252,16.463710616025196
hist_gradient_boosting,fold_2,283,H0284,2022-03-06,125.253119,132.33138793872098,7.078268938720981
hist_gradient_boosting,fold_3,284,H0285,2023-07-14,223.773217,188.96367574557237,-34.809541254427614
hist_gradient_boosting,fold_1,285,H0286,2020-10-01,160.71384,141.6288288877007,-19.0850111122993
hist_gradient_boosting,fold_1,292,H0293,2020-08-04,106.954368,122.78574204825847,15.831374048258468
hist_gradient_boosting,fold_2,294,H0295,2023-02-23,121.350452,128.93739470474776,7.586942704747756
hist_gradient_boosting,fold_1,296,H0297,2021-04-29,166.830316,170.47299825496148,3.6426822549614712
hist_gradient_boosting,fold_1,297,H0298,2021-09-04,137.631178,145.67100401526835,8.039826015268346
hist_gradient_boosting,fold_3,301,H0302,2023-12-27,166.479026,164.94865807486764,-1.5303679251323672
hist_gradient_boosting,fold_3,304,H0305,2023-05-13,124.29625,126.6267194932757,2.3304694932757
hist_gradient_boosting,fold_2,308,H0309,2022-08-16,123.531393,136.0229935983046,12.4916005983046
hist_gradient_boosting,fold_3,311,H0312,2023-11-23,151.041177,157.28594197336872,6.244764973368717
hist_gradient_boosting,fold_3,315,H0316,2024-07-27,160.585395,180.5349818589556,19.9495868589556
hist_gradient_boosting,fold_3,316,H0317,2023-10-04,134.198625,135.86966810043126,1.6710431004312625
hist_gradient_boosting,fold_3,317,H0318,2024-06-22,110.68118,129.9615182779521,19.28033827795211
hist_gradient_boosting,fold_1,320,H0321,2021-03-09,139.845247,126.7279063502101,-13.117340649789895
hist_gradient_boosting,fold_1,321,H0322,2020-05-26,123.318123,142.9368770525733,19.618754052573294
hist_gradient_boosting,fold_1,324,H0325,2021-01-12,137.021914,144.82057873927522,7.79866473927521
hist_gradient_boosting,fold_1,325,H0326,2021-09-17,142.364009,146.7358369778108,4.371827977810796
hist_gradient_boosting,fold_3,329,H0330,2024-06-29,166.197665,172.53157386664992,6.333908866649921
hist_gradient_boosting,fold_3,330,H0331,2023-05-06,139.111444,125.21110961129725,-13.90033438870276
hist_gradient_boosting,fold_2,331,H0332,2022-03-23,125.943393,124.94056512226992,-1.002827877730084
hist_gradient_boosting,fold_2,332,H0333,2023-01-04,134.615772,150.28624176515112,15.670469765151125
hist_gradient_boosting,fold_3,333,H0334,2023-10-13,164.715736,135.10236316453668,-29.61337283546331
hist_gradient_boosting,fold_1,335,H0336,2021-09-21,145.075279,165.82166047031123,20.746381470311235
hist_gradient_boosting,fold_2,336,H0337,2021-10-17,151.798498,169.30725123651268,17.50875323651269
hist_gradient_boosting,fold_1,339,H0340,2021-09-03,164.852885,140.23141362700136,-24.621471372998627
hist_gradient_boosting,fold_1,340,H0341,2020-09-06,150.579586,139.0775675982294,-11.502018401770613
hist_gradient_boosting,fold_1,342,H0343,2020-07-31,107.806693,147.0781013326247,39.2714083326247
hist_gradient_boosting,fold_3,343,H0344,2023-09-10,132.123547,130.67954083077868,-1.4440061692213249
hist_gradient_boosting,fold_2,344,H0345,2022-10-07,93.963404,137.7557602800218,43.79235628002181
hist_gradient_boosting,fold_1,347,H0348,2020-09-25,170.113589,176.21192533506368,6.098336335063692
hist_gradient_boosting,fold_2,348,H0349,2022-06-09,158.525099,172.21285120822847,13.68775220822846
hist_gradient_boosting,fold_2,350,H0351,2023-02-12,129.68708,131.01438332733971,1.3273033273397061
hist_gradient_boosting,fold_3,351,H0352,2024-01-04,134.163869,137.6788064530499,3.514937453049896
hist_gradient_boosting,fold_3,353,H0354,2023-09-30,160.106154,146.68956322763378,-13.41659077236622
hist_gradient_boosting,fold_1,355,H0356,2020-05-07,170.691275,166.33160958748812,-4.359665412511873
hist_gradient_boosting,fold_3,356,H0357,2023-07-29,113.792679,129.90606215855996,16.113383158559955
hist_gradient_boosting,fold_3,360,H0361,2023-04-15,196.456808,177.7239549218265,-18.73285307817349
hist_gradient_boosting,fold_2,361,H0362,2022-03-07,134.690669,169.09723897658262,34.4065699765826
hist_gradient_boosting,fold_1,363,H0364,2021-09-15,124.763049,120.59652760650309,-4.166521393496907
hist_gradient_boosting,fold_3,365,H0366,2024-07-14,162.447747,162.18744366327005,-0.26030333672994743
hist_gradient_boosting,fold_1,367,H0368,2021-07-22,108.146926,149.23517963675127,41.088253636751276
hist_gradient_boosting,fold_3,368,H0369,2023-08-26,155.222482,165.25360518452328,10.031123184523267
hist_gradient_boosting,fold_2,371,H0372,2022-05-19,145.14254,127.92595766538555,-17.216582334614444
hist_gradient_boosting,fold_2,372,H0373,2022-01-27,176.808131,172.83236050349282,-3.975770496507181
hist_gradient_boosting,fold_1,373,H0374,2020-06-06,127.389307,136.25233110145456,8.863024101454556
hist_gradient_boosting,fold_1,374,H0375,2021-06-29,139.362192,134.6095523938154,-4.7526396061846015
hist_gradient_boosting,fold_3,377,H0378,2024-05-09,205.849381,181.56466254649865,-24.28471845350134
hist_gradient_boosting,fold_1,379,H0380,2020-05-16,172.945798,173.45757667015224,0.5117786701522391
hist_gradient_boosting,fold_3,383,H0384,2023-12-16,138.844458,135.02138876504836,-3.823069234951646
hist_gradient_boosting,fold_2,386,H0387,2022-08-18,170.651731,173.0632847227857,2.4115537227856976
hist_gradient_boosting,fold_3,389,H0390,2023-04-17,154.021642,161.69567676347182,7.674034763471809
hist_gradient_boosting,fold_1,393,H0394,2021-08-15,111.578597,127.97615611974221,16.397559119742212
hist_gradient_boosting,fold_1,395,H0396,2020-05-16,178.725791,165.91273703722584,-12.813053962774148
hist_gradient_boosting,fold_1,396,H0397,2020-07-02,144.371266,140.62740189102297,-3.7438641089770215
hist_gradient_boosting,fold_3,397,H0398,2023-11-09,114.609569,124.58693205103506,9.97736305103507
hist_gradient_boosting,fold_1,398,H0399,2021-01-03,171.095287,175.49606413735194,4.400777137351923
hist_gradient_boosting,fold_2,399,H0400,2021-11-05,153.707065,141.4796447285739,-12.227420271426098
hist_gradient_boosting,fold_2,400,H0401,2023-02-10,142.038459,136.09418325234606,-5.944275747653933
hist_gradient_boosting,fold_3,401,H0402,2023-06-16,159.729596,178.1223669154952,18.39277091549522
hist_gradient_boosting,fold_3,403,H0404,2023-08-07,187.859592,165.8878840342372,-21.97170796576279
hist_gradient_boosting,fold_3,404,H0405,2023-07-09,118.540631,130.0347667371543,11.49413573715431
hist_gradient_boosting,fold_3,405,H0406,2024-06-12,125.974779,146.07299574195048,20.09821674195048
hist_gradient_boosting,fold_1,409,H0410,2021-03-19,189.072061,155.3725979634934,-33.699463036506586
hist_gradient_boosting,fold_2,410,H0411,2022-07-10,154.081179,161.18553521906173,7.104356219061742
hist_gradient_boosting,fold_3,411,H0412,2023-07-28,136.491172,138.16232365998783,1.671151659987828
hist_gradient_boosting,fold_3,412,H0413,2024-01-21,113.519252,127.32489037092535,13.805638370925351
hist_gradient_boosting,fold_3,413,H0414,2023-07-07,124.980555,134.24208328949186,9.261528289491864
hist_gradient_boosting,fold_1,414,H0415,2020-08-21,192.431917,158.2046433945834,-34.2272736054166
hist_gradient_boosting,fold_3,415,H0416,2024-01-21,115.203741,131.9107775241992,16.70703652419921
hist_gradient_boosting,fold_2,418,H0419,2022-10-12,155.775204,133.1946868375553,-22.580517162444693
hist_gradient_boosting,fold_3,420,H0421,2023-05-15,123.64581,132.55910108199083,8.913291081990835
hist_gradient_boosting,fold_2,424,H0425,2022-07-14,126.998285,143.87343896608064,16.875153966080646
hist_gradient_boosting,fold_1,426,H0427,2020-12-10,153.099936,136.59094419198843,-16.508991808011586
hist_gradient_boosting,fold_2,427,H0428,2023-02-13,138.586693,132.90814979204902,-5.67854320795098
hist_gradient_boosting,fold_1,432,H0433,2020-09-28,116.458741,123.11347973571866,6.654738735718652
hist_gradient_boosting,fold_2,435,H0436,2022-06-25,127.021477,116.00987214572773,-11.011604854272278
hist_gradient_boosting,fold_3,438,H0439,2023-04-27,109.779947,126.51489257685729,16.734945576857285
hist_gradient_boosting,fold_1,440,H0441,2020-10-08,133.583156,126.52188856052466,-7.061267439475344
hist_gradient_boosting,fold_3,441,H0442,2024-04-24,127.138594,130.2747835594722,3.1361895594722142
hist_gradient_boosting,fold_1,442,H0443,2021-01-31,110.844249,129.14442614547957,18.300177145479566
hist_gradient_boosting,fold_2,444,H0445,2022-01-13,129.391394,131.15135079909322,1.7599567990932314
hist_gradient_boosting,fold_3,446,H0447,2024-07-11,141.053611,162.01719192099821,20.963580920998226
hist_gradient_boosting,fold_1,447,H0448,2020-07-07,225.413883,161.57757068482303,-63.83631231517697
hist_gradient_boosting,fold_2,449,H0450,2022-10-03,155.87706,163.41898983940135,7.541929839401348
hist_gradient_boosting,fold_3,451,H0452,2024-04-28,111.612226,121.83443352918016,10.222207529180153
hist_gradient_boosting,fold_1,452,H0453,2020-10-23,149.672141,121.74437509437112,-27.92776590562889
hist_gradient_boosting,fold_2,456,H0457,2022-06-21,138.478522,136.94332510793328,-1.5351968920667218
hist_gradient_boosting,fold_3,457,H0458,2023-07-06,191.454009,167.0077197656823,-24.446289234317703
hist_gradient_boosting,fold_3,458,H0459,2023-11-24,151.759356,151.96577322256758,0.20641722256758044
hist_gradient_boosting,fold_1,461,H0462,2020-12-26,199.194383,174.8239147497515,-24.37046825024848
hist_gradient_boosting,fold_3,465,H0466,2023-10-10,157.778394,158.15808648299904,0.37969248299904734
hist_gradient_boosting,fold_2,466,H0467,2022-11-14,137.648167,127.49761093709898,-10.150556062901018
hist_gradient_boosting,fold_1,468,H0469,2020-07-16,134.688036,119.00545472405763,-15.682581275942383
hist_gradient_boosting,fold_3,471,H0472,2024-05-24,156.637781,158.21499708112208,1.5772160811220886
hist_gradient_boosting,fold_3,472,H0473,2023-08-07,169.47359,165.83734459526283,-3.636245404737167
hist_gradient_boosting,fold_3,473,H0474,2023-09-19,177.087355,157.74640981127095,-19.34094518872905
hist_gradient_boosting,fold_1,474,H0475,2021-06-01,138.489522,140.83168667979317,2.3421646797931714
hist_gradient_boosting,fold_1,475,H0476,2020-12-05,150.998391,154.5889202474481,3.590529247448103
hist_gradient_boosting,fold_3,476,H0477,2023-03-21,143.872059,159.64485516549576,15.772796165495748
hist_gradient_boosting,fold_3,482,H0483,2023-07-10,154.414356,168.09452709915143,13.680171099151437
hist_gradient_boosting,fold_1,485,H0486,2021-02-25,159.040022,171.76903229180203,12.729010291802041
hist_gradient_boosting,fold_2,486,H0487,2022-11-20,144.319948,150.94324394154623,6.623295941546218
hist_gradient_boosting,fold_3,488,H0489,2024-04-07,172.821716,156.19988161534053,-16.62183438465948
hist_gradient_boosting,fold_3,490,H0491,2023-04-28,148.347794,158.4950538071204,10.147259807120406
hist_gradient_boosting,fold_2,493,H0494,2022-05-19,129.701953,127.68234067045145,-2.0196123295485506
hist_gradient_boosting,fold_2,494,H0495,2022-05-15,118.781653,127.2514308677842,8.469777867784188
hist_gradient_boosting,fold_3,495,H0496,2024-07-14,131.922512,156.16441836714114,24.241906367141127
hist_gradient_boosting,fold_3,497,H0498,2023-12-13,151.566632,158.62627215016417,7.059640150164171
hist_gradient_boosting,fold_1,498,H0499,2021-09-28,132.844566,122.57115503199813,-10.273410968001855
hist_gradient_boosting,fold_1,502,H0503,2020-11-11,141.482493,133.53742282771339,-7.94507017228662
hist_gradient_boosting,fold_2,505,H0506,2022-11-19,159.052446,137.11985598534878,-21.932590014651225
hist_gradient_boosting,fold_3,506,H0507,2023-11-18,185.751791,174.04117234106326,-11.710618658936738
hist_gradient_boosting,fold_3,508,H0509,2024-05-18,152.629763,153.55153175893818,0.9217687589381853
hist_gradient_boosting,fold_2,509,H0510,2022-09-19,192.69365,152.2466408398887,-40.44700916011129
hist_gradient_boosting,fold_1,511,H0512,2021-06-21,173.589992,155.91799634569813,-17.671995654301867
hist_gradient_boosting,fold_3,512,H0513,2023-11-21,153.041636,159.85373144589403,6.812095445894016
hist_gradient_boosting,fold_1,513,H0514,2021-09-16,112.790986,137.71736991772994,24.926383917729936
hist_gradient_boosting,fold_1,514,H0515,2020-11-30,187.923029,156.74381904836778,-31.17920995163223
hist_gradient_boosting,fold_1,515,H0516,2021-03-05,142.986507,137.62457549233696,-5.36193150766303
hist_gradient_boosting,fold_1,522,H0523,2020-05-11,165.210453,127.80041447358006,-37.41003852641994
hist_gradient_boosting,fold_2,523,H0524,2022-10-20,98.2832,121.87241582075721,23.589215820757218
hist_gradient_boosting,fold_2,524,H0525,2022-10-14,134.240011,130.64092596303257,-3.5990850369674376
hist_gradient_boosting,fold_3,525,H0526,2024-02-29,148.711613,136.23271596638463,-12.478897033615368
hist_gradient_boosting,fold_1,527,H0528,2021-04-04,158.814774,172.47473236659846,13.65995836659846
hist_gradient_boosting,fold_3,528,H0529,2024-02-03,147.160487,156.629589967615,9.469102967615015
hist_gradient_boosting,fold_2,529,H0530,2022-04-14,147.82961,158.94407450903782,11.114464509037816
hist_gradient_boosting,fold_2,531,H0532,2021-12-17,158.298771,159.8832036285696,1.5844326285696013
hist_gradient_boosting,fold_3,533,H0534,2024-01-07,130.818441,142.54506214363215,11.726621143632144
hist_gradient_boosting,fold_2,535,H0536,2023-02-20,194.675283,172.6041912077992,-22.071091792200804
hist_gradient_boosting,fold_2,540,H0541,2022-08-25,141.057172,132.5394257173082,-8.517746282691803
hist_gradient_boosting,fold_1,541,H0542,2021-03-28,153.42246,137.964997688633,-15.45746231136701
hist_gradient_boosting,fold_1,543,H0544,2021-07-26,139.363503,134.25217729624302,-5.1113257037569895
hist_gradient_boosting,fold_3,545,H0546,2023-11-30,129.121245,127.89828563006688,-1.2229593699331076
hist_gradient_boosting,fold_3,546,H0547,2024-01-06,112.029962,131.21858347902673,19.188621479026736
hist_gradient_boosting,fold_1,549,H0550,2021-01-01,147.165366,147.1705285169318,0.005162516931790151
hist_gradient_boosting,fold_3,552,H0553,2024-02-25,154.843412,136.06015766245397,-18.783254337546026
hist_gradient_boosting,fold_3,553,H0554,2024-04-14,130.773201,121.09870461047304,-9.674496389526965
hist_gradient_boosting,fold_1,556,H0557,2020-12-07,130.158219,125.83102545582263,-4.327193544177376
hist_gradient_boosting,fold_3,558,H0559,2024-01-16,121.482374,132.5205519315177,11.038177931517708
hist_gradient_boosting,fold_2,559,H0560,2022-07-03,164.313743,175.00189895241382,10.688155952413837
hist_gradient_boosting,fold_2,561,H0562,2021-11-22,136.948025,150.72070399865177,13.77267899865177
hist_gradient_boosting,fold_2,562,H0563,2023-01-16,130.480645,133.2387048972417,2.7580598972416794
hist_gradient_boosting,fold_1,566,H0567,2020-12-03,121.54532,133.3051550066473,11.759835006647307
hist_gradient_boosting,fold_1,567,H0568,2021-03-28,128.414645,131.3670455910805,2.9524005910805045
hist_gradient_boosting,fold_3,569,H0570,2024-02-23,139.712011,128.32114451701966,-11.390866482980329
hist_gradient_boosting,fold_2,573,H0574,2022-12-12,203.732706,167.2786426936012,-36.45406330639881
hist_gradient_boosting,fold_2,575,H0576,2021-11-08,106.693541,122.50775361731718,15.814212617317182
hist_gradient_boosting,fold_3,578,H0579,2023-03-02,185.402319,173.43466108991097,-11.96765791008903
hist_gradient_boosting,fold_3,579,H0580,2023-11-18,152.297587,163.65495569362386,11.357368693623869
hist_gradient_boosting,fold_1,581,H0582,2021-09-15,203.028468,153.9108266047023,-49.11764139529771
hist_gradient_boosting,fold_2,582,H0583,2022-03-31,116.771074,115.55496376795912,-1.2161102320408759
hist_gradient_boosting,fold_2,583,H0584,2022-04-14,125.65067,115.55496376795912,-10.095706232040882
hist_gradient_boosting,fold_2,584,H0585,2022-04-26,119.708128,147.40350488636403,27.69537688636403
hist_gradient_boosting,fold_3,586,H0587,2024-06-17,124.615442,137.05412904503044,12.438687045030434
hist_gradient_boosting,fold_2,588,H0589,2022-02-16,130.719169,129.41857957205116,-1.300589427948836
hist_gradient_boosting,fold_1,589,H0590,2020-12-19,106.175706,144.88684208666155,38.71113608666154
hist_gradient_boosting,fold_2,591,H0592,2022-10-24,131.682477,127.54493068918937,-4.1375463108106345
hist_gradient_boosting,fold_1,592,H0593,2020-12-22,179.727125,154.88547853001873,-24.84164646998127
hist_gradient_boosting,fold_3,597,H0598,2023-06-26,127.387591,151.2100907716985,23.822499771698503
hist_gradient_boosting,fold_2,598,H0599,2021-11-26,194.0406,169.30312785989923,-24.737472140100778
hist_gradient_boosting,fold_3,599,H0600,2024-02-06,151.330618,146.79318128241272,-4.537436717587269
hist_gradient_boosting,fold_1,601,H0602,2021-01-14,127.706965,128.7735970372094,1.0666320372094162
hist_gradient_boosting,fold_1,602,H0603,2020-06-26,125.244514,130.30794976284503,5.063435762845032
hist_gradient_boosting,fold_2,605,H0606,2022-06-06,105.020449,126.33479589368783,21.314346893687826
hist_gradient_boosting,fold_2,606,H0607,2021-11-02,107.224936,125.79162518856528,18.566689188565277
hist_gradient_boosting,fold_2,608,H0609,2022-09-22,166.190016,167.35251650712897,1.1625005071289536
hist_gradient_boosting,fold_3,609,H0610,2024-01-31,134.959825,138.3153072160229,3.3554822160228923
hist_gradient_boosting,fold_2,610,H0611,2022-09-30,155.771214,172.32735557256493,16.55614157256494
hist_gradient_boosting,fold_1,611,H0612,2021-01-11,132.029839,123.42332168960304,-8.606517310396967
hist_gradient_boosting,fold_3,614,H0615,2024-03-17,136.116076,165.6678553230915,29.551779323091495
hist_gradient_boosting,fold_3,617,H0618,2023-12-08,113.51782,133.13173266581296,19.61391266581296
hist_gradient_boosting,fold_3,618,H0619,2024-04-15,140.841682,140.55963560795436,-0.2820463920456291
hist_gradient_boosting,fold_1,627,H0628,2020-08-11,137.741162,141.85602175659037,4.114859756590363
hist_gradient_boosting,fold_1,628,H0629,2021-09-04,148.116188,139.6483428421513,-8.4678451578487
hist_gradient_boosting,fold_2,629,H0630,2022-04-09,127.845275,138.42875129158577,10.583476291585768
hist_gradient_boosting,fold_2,630,H0631,2023-02-04,170.199875,171.93996923242454,1.7400942324245534
hist_gradient_boosting,fold_3,631,H0632,2023-04-08,167.415438,155.18511790885768,-12.230320091142318
hist_gradient_boosting,fold_1,632,H0633,2020-06-06,175.249614,174.73402985818387,-0.5155841418161344
hist_gradient_boosting,fold_1,633,H0634,2021-04-26,184.516947,172.5633418052429,-11.953605194757074
hist_gradient_boosting,fold_3,635,H0636,2024-05-27,119.449952,136.51583601313945,17.065884013139453
hist_gradient_boosting,fold_2,637,H0638,2022-11-11,172.114066,151.00530587292252,-21.10876012707749
hist_gradient_boosting,fold_1,638,H0639,2020-08-19,137.019615,133.63507530130866,-3.384539698691327
hist_gradient_boosting,fold_1,639,H0640,2021-06-30,125.55018,131.78216500321068,6.231985003210681
hist_gradient_boosting,fold_1,640,H0641,2020-08-04,116.601689,126.01606926001773,9.414380260017737
hist_gradient_boosting,fold_2,644,H0645,2021-11-04,176.233289,152.73274364595989,-23.500545354040128
hist_gradient_boosting,fold_3,645,H0646,2024-04-04,110.775019,130.0060747886896,19.231055788689602
hist_gradient_boosting,fold_1,646,H0647,2020-07-19,105.219867,116.97265597351361,11.752788973513617
hist_gradient_boosting,fold_2,647,H0648,2021-11-23,153.192398,158.80683794594805,5.61443994594805
hist_gradient_boosting,fold_1,649,H0650,2020-08-09,139.154641,123.35489250380104,-15.799748496198958
hist_gradient_boosting,fold_1,650,H0651,2020-12-06,123.618484,130.99572871420642,7.377244714206427
hist_gradient_boosting,fold_2,652,H0653,2022-03-17,123.690005,130.10733735612177,6.417332356121776
hist_gradient_boosting,fold_3,653,H0654,2024-03-15,185.112735,182.66170986903188,-2.4510251309681053
hist_gradient_boosting,fold_2,654,H0655,2022-03-18,144.218166,121.03506723889679,-23.18309876110321
hist_gradient_boosting,fold_3,655,H0656,2023-12-12,136.551085,164.6966001163929,28.145515116392886
hist_gradient_boosting,fold_2,657,H0658,2021-10-03,171.519427,162.95447367265916,-8.564953327340845
hist_gradient_boosting,fold_1,658,H0659,2021-05-23,168.35803,166.3528111003328,-2.005218899667227
hist_gradient_boosting,fold_3,662,H0663,2023-10-26,176.292889,155.55941422849583,-20.733474771504177
hist_gradient_boosting,fold_1,663,H0664,2020-06-18,133.415695,132.30483436226407,-1.1108606377359251
hist_gradient_boosting,fold_1,667,H0668,2021-03-06,100.724212,132.17872606455242,31.454514064552427
hist_gradient_boosting,fold_1,668,H0669,2021-04-22,127.782479,135.95338123995998,8.170902239959986
hist_gradient_boosting,fold_3,672,H0673,2023-11-25,122.407017,123.84438607505811,1.4373690750581147
hist_gradient_boosting,fold_1,674,H0675,2021-02-09,155.038059,142.40002524970959,-12.638033750290418
hist_gradient_boosting,fold_2,675,H0676,2022-07-30,127.871087,132.044334999463,4.173247999462987
hist_gradient_boosting,fold_1,678,H0679,2021-02-21,119.815317,123.80966742740878,3.99435042740879
hist_gradient_boosting,fold_2,679,H0680,2022-11-07,183.255159,166.88286090756026,-16.372298092439735
hist_gradient_boosting,fold_1,680,H0681,2021-08-18,153.60066,167.50430259134387,13.903642591343868
hist_gradient_boosting,fold_2,681,H0682,2021-10-12,138.325289,134.2173165732254,-4.107972426774609
hist_gradient_boosting,fold_2,683,H0684,2022-08-11,157.725541,125.19843410432755,-32.527106895672446
hist_gradient_boosting,fold_2,684,H0685,2022-05-21,186.31524,171.07696800897355,-15.238271991026437
hist_gradient_boosting,fold_1,685,H0686,2021-01-03,140.247781,124.37019002537403,-15.877590974625974
hist_gradient_boosting,fold_2,686,H0687,2022-08-11,161.752058,155.10829624759594,-6.64376175240406
hist_gradient_boosting,fold_1,688,H0689,2021-03-09,133.307227,121.56509315704493,-11.742133842955084
hist_gradient_boosting,fold_2,690,H0691,2022-11-01,114.226275,127.36941576095013,13.143140760950132
hist_gradient_boosting,fold_2,694,H0695,2022-10-16,131.568044,124.84167089925968,-6.726373100740304
hist_gradient_boosting,fold_3,697,H0698,2024-05-31,126.422264,121.80353684636846,-4.618727153631539
hist_gradient_boosting,fold_2,698,H0699,2022-06-25,139.432085,131.43725860003485,-7.994826399965149
hist_gradient_boosting,fold_3,699,H0700,2024-07-21,196.190354,184.4378002926652,-11.752553707334812
mean,fold_1,3,H0004,2021-07-25,183.694985,144.81936518686868,-38.87561981313132
mean,fold_2,6,H0007,2022-09-24,129.480289,145.695881175,16.215592175000012
mean,fold_2,7,H0008,2023-01-11,121.154322,145.695881175,24.541559175000017
mean,fold_2,8,H0009,2022-06-06,139.293116,145.695881175,6.402765175000013
mean,fold_1,11,H0012,2020-06-30,183.243903,144.81936518686868,-38.42453781313131
mean,fold_1,13,H0014,2020-09-07,170.796794,144.81936518686868,-25.977428813131326
mean,fold_3,15,H0016,2023-04-08,149.953225,145.14052439252336,-4.812700607476643
mean,fold_3,17,H0018,2024-04-30,119.620279,145.14052439252336,25.520245392523364
mean,fold_1,18,H0019,2021-02-04,143.476193,144.81936518686868,1.343172186868685
mean,fold_1,19,H0020,2020-11-15,189.77568,144.81936518686868,-44.956314813131314
mean,fold_3,21,H0022,2023-04-29,160.716911,145.14052439252336,-15.57638660747665
mean,fold_1,23,H0024,2021-09-16,135.598247,144.81936518686868,9.221118186868694
mean,fold_3,25,H0026,2023-12-05,139.17006,145.14052439252336,5.970464392523354
mean,fold_2,27,H0028,2022-04-26,149.924119,145.695881175,-4.2282378249999795
mean,fold_1,28,H0029,2020-07-10,162.864843,144.81936518686868,-18.045477813131328
mean,fold_1,29,H0030,2021-08-16,165.512334,144.81936518686868,-20.69296881313133
mean,fold_2,30,H0031,2022-08-31,141.977017,145.695881175,3.7188641750000215
mean,fold_2,32,H0033,2022-07-28,147.233426,145.695881175,-1.5375448249999977
mean,fold_2,34,H0035,2022-02-06,149.268617,145.695881175,-3.572735824999995
mean,fold_3,37,H0038,2024-07-13,141.669636,145.14052439252336,3.4708883925233636
mean,fold_1,38,H0039,2020-09-30,119.664683,144.81936518686868,25.154682186868683
mean,fold_2,39,H0040,2022-02-22,159.589876,145.695881175,-13.893994824999993
mean,fold_2,40,H0041,2022-03-17,131.270653,145.695881175,14.425228175
mean,fold_3,42,H0043,2023-03-17,153.628101,145.14052439252336,-8.487576607476626
mean,fold_1,44,H0045,2021-05-15,131.832096,144.81936518686868,12.987269186868673
mean,fold_1,45,H0046,2020-11-15,127.350213,144.81936518686868,17.469152186868683
mean,fold_3,47,H0048,2024-06-13,208.649234,145.14052439252336,-63.508709607476646
mean,fold_1,48,H0049,2020-06-04,130.962653,144.81936518686868,13.856712186868691
mean,fold_2,49,H0050,2022-07-24,161.638,145.695881175,-15.942118824999994
mean,fold_1,50,H0051,2020-09-11,133.415175,144.81936518686868,11.404190186868675
mean,fold_3,51,H0052,2024-07-09,157.866639,145.14052439252336,-12.726114607476632
mean,fold_2,54,H0055,2023-01-22,119.47747,145.695881175,26.218411175000014
mean,fold_1,55,H0056,2021-03-17,148.335177,144.81936518686868,-3.5158118131313074
mean,fold_2,56,H0057,2022-09-22,126.902781,145.695881175,18.793100175000006
mean,fold_2,58,H0059,2022-04-15,136.78526,145.695881175,8.910621175000017
mean,fold_1,60,H0061,2020-12-06,155.407423,144.81936518686868,-10.588057813131314
mean,fold_2,61,H0062,2023-02-23,156.473576,145.695881175,-10.777694824999998
mean,fold_3,62,H0063,2024-07-15,123.259631,145.14052439252336,21.88089339252336
mean,fold_2,63,H0064,2022-05-11,134.103334,145.695881175,11.592547175000021
mean,fold_1,65,H0066,2020-08-29,200.898625,144.81936518686868,-56.07925981313133
mean,fold_2,67,H0068,2022-09-19,118.917863,145.695881175,26.778018175000014
mean,fold_2,71,H0072,2022-08-09,139.641015,145.695881175,6.054866175000001
mean,fold_1,75,H0076,2021-05-26,141.137948,144.81936518686868,3.6814171868686856
mean,fold_3,78,H0079,2023-12-12,118.615149,145.14052439252336,26.525375392523358
mean,fold_2,79,H0080,2023-01-02,194.38275,145.695881175,-48.686868824999976
mean,fold_1,80,H0081,2021-07-01,126.998558,144.81936518686868,17.820807186868677
mean,fold_3,81,H0082,2023-03-27,143.154096,145.14052439252336,1.9864283925233508
mean,fold_2,84,H0085,2023-01-12,143.052677,145.695881175,2.6432041750000224
mean,fold_3,87,H0088,2023-11-15,176.139532,145.14052439252336,-30.999007607476642
mean,fold_3,88,H0089,2023-04-30,146.723595,145.14052439252336,-1.5830706074766283
mean,fold_1,89,H0090,2021-08-13,144.581428,144.81936518686868,0.2379371868686917
mean,fold_2,90,H0091,2021-10-20,142.905141,145.695881175,2.7907401750000247
mean,fold_2,91,H0092,2023-01-13,149.994928,145.695881175,-4.2990468249999765
mean,fold_3,92,H0093,2024-02-08,165.295584,145.14052439252336,-20.15505960747663
mean,fold_1,93,H0094,2021-04-23,156.65485,144.81936518686868,-11.83548481313133
mean,fold_3,96,H0097,2024-01-11,126.645387,145.14052439252336,18.49513739252336
mean,fold_1,98,H0099,2021-07-14,130.193525,144.81936518686868,14.625840186868686
mean,fold_2,100,H0101,2022-01-18,172.812894,145.695881175,-27.11701282499999
mean,fold_1,101,H0102,2020-05-24,121.660846,144.81936518686868,23.158519186868674
mean,fold_3,103,H0104,2024-06-03,140.94746,145.14052439252336,4.193064392523354
mean,fold_3,104,H0105,2023-09-25,137.547889,145.14052439252336,7.592635392523363
mean,fold_3,105,H0106,2023-04-01,149.56439,145.14052439252336,-4.4238656074766425
mean,fold_3,106,H0107,2024-01-09,141.316391,145.14052439252336,3.8241333925233505
mean,fold_2,107,H0108,2022-04-06,118.277004,145.695881175,27.418877175000006
mean,fold_3,111,H0112,2023-03-06,172.74858,145.14052439252336,-27.608055607476643
mean,fold_3,113,H0114,2024-01-24,124.20688,145.14052439252336,20.933644392523362
mean,fold_3,114,H0115,2023-12-04,168.008939,145.14052439252336,-22.868414607476637
mean,fold_1,118,H0119,2020-09-24,179.01803,144.81936518686868,-34.19866481313133
mean,fold_3,124,H0125,2024-05-02,160.430043,145.14052439252336,-15.289518607476651
mean,fold_3,127,H0128,2023-05-28,129.687754,145.14052439252336,15.452770392523348
mean,fold_3,128,H0129,2023-07-03,197.070001,145.14052439252336,-51.92947660747663
mean,fold_3,130,H0131,2023-03-30,167.00117,145.14052439252336,-21.86064560747664
mean,fold_3,131,H0132,2023-04-26,141.788244,145.14052439252336,3.352280392523369
mean,fold_3,132,H0133,2024-03-03,169.085419,145.14052439252336,-23.94489460747664
mean,fold_1,133,H0134,2021-05-09,110.674359,144.81936518686868,34.145006186868684
mean,fold_2,135,H0136,2022-12-31,154.011252,145.695881175,-8.315370825000002
mean,fold_1,140,H0141,2020-06-11,173.632595,144.81936518686868,-28.81322981313133
mean,fold_1,141,H0142,2021-03-05,132.750505,144.81936518686868,12.068860186868676
mean,fold_3,144,H0145,2023-04-16,167.175082,145.14052439252336,-22.034557607476643
mean,fold_1,145,H0146,2020-10-20,111.858898,144.81936518686868,32.960467186868684
mean,fold_1,147,H0148,2020-12-13,140.570607,144.81936518686868,4.248758186868685
mean,fold_3,148,H0149,2023-04-19,162.084136,145.14052439252336,-16.94361160747664
mean,fold_3,149,H0150,2023-05-19,125.460151,145.14052439252336,19.680373392523364
mean,fold_1,152,H0153,2021-06-07,183.667784,144.81936518686868,-38.84841881313133
mean,fold_1,154,H0155,2020-09-23,122.203993,144.81936518686868,22.615372186868683
mean,fold_1,156,H0157,2020-11-27,143.670765,144.81936518686868,1.1486001868686913
mean,fold_1,157,H0158,2021-05-06,186.291265,144.81936518686868,-41.47189981313133
mean,fold_3,158,H0159,2024-05-09,173.98285,145.14052439252336,-28.842325607476653
mean,fold_2,159,H0160,2022-12-23,147.096345,145.695881175,-1.4004638250000028
mean,fold_3,162,H0163,2024-07-10,153.805134,145.14052439252336,-8.664609607476649
mean,fold_1,165,H0166,2020-11-10,140.48468,144.81936518686868,4.334685186868683
mean,fold_3,167,H0168,2023-10-16,107.402665,145.14052439252336,37.73785939252336
mean,fold_3,172,H0173,2023-04-20,151.026066,145.14052439252336,-5.885541607476625
mean,fold_2,176,H0177,2023-02-22,133.161928,145.695881175,12.533953175000022
mean,fold_3,177,H0178,2024-01-30,144.932831,145.14052439252336,0.2076933925233675
mean,fold_2,178,H0179,2022-10-29,114.748879,145.695881175,30.94700217500001
mean,fold_3,179,H0180,2024-01-18,101.212102,145.14052439252336,43.92842239252336
mean,fold_3,180,H0181,2024-05-24,201.412845,145.14052439252336,-56.272320607476644
mean,fold_3,181,H0182,2023-08-16,139.8981,145.14052439252336,5.242424392523361
mean,fold_1,182,H0183,2021-03-14,145.242497,144.81936518686868,-0.423131813131306
mean,fold_3,183,H0184,2023-06-07,134.304233,145.14052439252336,10.83629139252335
mean,fold_3,184,H0185,2024-06-18,97.696023,145.14052439252336,47.444501392523364
mean,fold_1,185,H0186,2020-08-24,145.542835,144.81936518686868,-0.7234698131313166
mean,fold_2,186,H0187,2021-12-19,139.479896,145.695881175,6.215985175000014
mean,fold_1,191,H0192,2020-05-31,160.005412,144.81936518686868,-15.186046813131327
mean,fold_2,193,H0194,2022-02-24,119.995948,145.695881175,25.699933175000012
mean,fold_1,195,H0196,2021-05-10,150.308825,144.81936518686868,-5.489459813131333
mean,fold_1,200,H0201,2020-10-06,133.889569,144.81936518686868,10.929796186868685
mean,fold_2,201,H0202,2021-10-28,136.016116,145.695881175,9.679765175
mean,fold_3,203,H0204,2023-03-21,117.706484,145.14052439252336,27.434040392523357
mean,fold_1,204,H0205,2021-06-10,154.76783,144.81936518686868,-9.948464813131324
mean,fold_2,205,H0206,2022-07-05,126.325033,145.695881175,19.370848175000006
mean,fold_3,212,H0213,2024-06-29,156.576933,145.14052439252336,-11.436408607476636
mean,fold_2,213,H0214,2022-02-26,114.53955,145.695881175,31.156331175000005
mean,fold_3,223,H0224,2023-11-19,135.693147,145.14052439252336,9.44737739252335
mean,fold_2,224,H0225,2022-02-18,174.549441,145.695881175,-28.85355982499999
mean,fold_1,225,H0226,2021-07-04,112.989085,144.81936518686868,31.830280186868677
mean,fold_2,226,H0227,2022-05-11,193.324715,145.695881175,-47.62883382499999
mean,fold_3,227,H0228,2024-04-30,183.682726,145.14052439252336,-38.54220160747664
mean,fold_2,231,H0232,2022-12-15,167.916254,145.695881175,-22.220372825
mean,fold_2,233,H0234,2021-12-20,139.267142,145.695881175,6.428739175000004
mean,fold_3,234,H0235,2023-06-09,152.7288,145.14052439252336,-7.588275607476646
mean,fold_1,241,H0242,2021-06-21,185.812781,144.81936518686868,-40.99341581313132
mean,fold_1,245,H0246,2021-04-19,174.226941,144.81936518686868,-29.40757581313133
mean,fold_2,247,H0248,2023-02-04,164.707407,145.695881175,-19.01152582499998
mean,fold_2,248,H0249,2022-08-29,150.087325,145.695881175,-4.391443824999982
mean,fold_2,250,H0251,2022-06-03,143.091883,145.695881175,2.603998175000015
mean,fold_1,251,H0252,2021-03-30,129.746433,144.81936518686868,15.072932186868684
mean,fold_3,252,H0253,2023-06-25,151.688584,145.14052439252336,-6.548059607476631
mean,fold_2,253,H0254,2022-02-23,114.302566,145.695881175,31.393315175000012
mean,fold_3,254,H0255,2023-04-13,139.410331,145.14052439252336,5.730193392523347
mean,fold_3,256,H0257,2023-06-11,139.839053,145.14052439252336,5.301471392523354
mean,fold_3,257,H0258,2024-02-21,147.756514,145.14052439252336,-2.6159896074766493
mean,fold_1,258,H0259,2020-11-30,156.933124,144.81936518686868,-12.113758813131312
mean,fold_3,259,H0260,2023-12-23,155.260785,145.14052439252336,-10.120260607476638
mean,fold_3,263,H0264,2024-03-27,145.983842,145.14052439252336,-0.8433176074766493
mean,fold_3,264,H0265,2024-04-18,127.011051,145.14052439252336,18.129473392523366
mean,fold_1,265,H0266,2021-09-05,122.86288,144.81936518686868,21.956485186868676
mean,fold_3,267,H0268,2024-01-27,171.422696,145.14052439252336,-26.28217160747664
mean,fold_1,268,H0269,2021-09-22,170.583356,144.81936518686868,-25.76399081313133
mean,fold_1,269,H0270,2020-07-23,186.790711,144.81936518686868,-41.97134581313131
mean,fold_3,271,H0272,2023-12-15,157.465107,145.14052439252336,-12.324582607476628
mean,fold_2,272,H0273,2022-05-26,135.355501,145.695881175,10.340380175000007
mean,fold_3,280,H0281,2024-01-23,142.301879,145.14052439252336,2.838645392523347
mean,fold_2,283,H0284,2022-03-06,125.253119,145.695881175,20.442762175000013
mean,fold_3,284,H0285,2023-07-14,223.773217,145.14052439252336,-78.63269260747663
mean,fold_1,285,H0286,2020-10-01,160.71384,144.81936518686868,-15.894474813131325
mean,fold_1,292,H0293,2020-08-04,106.954368,144.81936518686868,37.86499718686868
mean,fold_2,294,H0295,2023-02-23,121.350452,145.695881175,24.345429175000007
mean,fold_1,296,H0297,2021-04-29,166.830316,144.81936518686868,-22.01095081313133
mean,fold_1,297,H0298,2021-09-04,137.631178,144.81936518686868,7.188187186868674
mean,fold_3,301,H0302,2023-12-27,166.479026,145.14052439252336,-21.338501607476644
mean,fold_3,304,H0305,2023-05-13,124.29625,145.14052439252336,20.84427439252336
mean,fold_2,308,H0309,2022-08-16,123.531393,145.695881175,22.164488175000017
mean,fold_3,311,H0312,2023-11-23,151.041177,145.14052439252336,-5.900652607476644
mean,fold_3,315,H0316,2024-07-27,160.585395,145.14052439252336,-15.444870607476645
mean,fold_3,316,H0317,2023-10-04,134.198625,145.14052439252336,10.941899392523368
mean,fold_3,317,H0318,2024-06-22,110.68118,145.14052439252336,34.45934439252336
mean,fold_1,320,H0321,2021-03-09,139.845247,144.81936518686868,4.9741181868686795
mean,fold_1,321,H0322,2020-05-26,123.318123,144.81936518686868,21.50124218686868
mean,fold_1,324,H0325,2021-01-12,137.021914,144.81936518686868,7.7974511868686704
mean,fold_1,325,H0326,2021-09-17,142.364009,144.81936518686868,2.45535618686867
mean,fold_3,329,H0330,2024-06-29,166.197665,145.14052439252336,-21.05714060747664
mean,fold_3,330,H0331,2023-05-06,139.111444,145.14052439252336,6.029080392523355
mean,fold_2,331,H0332,2022-03-23,125.943393,145.695881175,19.75248817500001
mean,fold_2,332,H0333,2023-01-04,134.615772,145.695881175,11.080109175000018
mean,fold_3,333,H0334,2023-10-13,164.715736,145.14052439252336,-19.575211607476632
mean,fold_1,335,H0336,2021-09-21,145.075279,144.81936518686868,-0.2559138131313148
mean,fold_2,336,H0337,2021-10-17,151.798498,145.695881175,-6.102616824999984
mean,fold_1,339,H0340,2021-09-03,164.852885,144.81936518686868,-20.033519813131306
mean,fold_1,340,H0341,2020-09-06,150.579586,144.81936518686868,-5.760220813131326
mean,fold_1,342,H0343,2020-07-31,107.806693,144.81936518686868,37.012672186868684
mean,fold_3,343,H0344,2023-09-10,132.123547,145.14052439252336,13.016977392523359
mean,fold_2,344,H0345,2022-10-07,93.963404,145.695881175,51.732477175000014
mean,fold_1,347,H0348,2020-09-25,170.113589,144.81936518686868,-25.29422381313131
mean,fold_2,348,H0349,2022-06-09,158.525099,145.695881175,-12.829217825
mean,fold_2,350,H0351,2023-02-12,129.68708,145.695881175,16.008801175000002
mean,fold_3,351,H0352,2024-01-04,134.163869,145.14052439252336,10.976655392523355
mean,fold_3,353,H0354,2023-09-30,160.106154,145.14052439252336,-14.965629607476643
mean,fold_1,355,H0356,2020-05-07,170.691275,144.81936518686868,-25.87190981313131
mean,fold_3,356,H0357,2023-07-29,113.792679,145.14052439252336,31.347845392523354
mean,fold_3,360,H0361,2023-04-15,196.456808,145.14052439252336,-51.316283607476635
mean,fold_2,361,H0362,2022-03-07,134.690669,145.695881175,11.005212174999997
mean,fold_1,363,H0364,2021-09-15,124.763049,144.81936518686868,20.056316186868685
mean,fold_3,365,H0366,2024-07-14,162.447747,145.14052439252336,-17.307222607476632
mean,fold_1,367,H0368,2021-07-22,108.146926,144.81936518686868,36.67243918686869
mean,fold_3,368,H0369,2023-08-26,155.222482,145.14052439252336,-10.081957607476653
mean,fold_2,371,H0372,2022-05-19,145.14254,145.695881175,0.5533411750000141
mean,fold_2,372,H0373,2022-01-27,176.808131,145.695881175,-31.112249824999992
mean,fold_1,373,H0374,2020-06-06,127.389307,144.81936518686868,17.430058186868678
mean,fold_1,374,H0375,2021-06-29,139.362192,144.81936518686868,5.457173186868687
mean,fold_3,377,H0378,2024-05-09,205.849381,145.14052439252336,-60.70885660747663
mean,fold_1,379,H0380,2020-05-16,172.945798,144.81936518686868,-28.126432813131316
mean,fold_3,383,H0384,2023-12-16,138.844458,145.14052439252336,6.2960663925233575
mean,fold_2,386,H0387,2022-08-18,170.651731,145.695881175,-24.955849825
mean,fold_3,389,H0390,2023-04-17,154.021642,145.14052439252336,-8.881117607476654
mean,fold_1,393,H0394,2021-08-15,111.578597,144.81936518686868,33.24076818686868
mean,fold_1,395,H0396,2020-05-16,178.725791,144.81936518686868,-33.90642581313131
mean,fold_1,396,H0397,2020-07-02,144.371266,144.81936518686868,0.44809918686868855
mean,fold_3,397,H0398,2023-11-09,114.609569,145.14052439252336,30.530955392523367
mean,fold_1,398,H0399,2021-01-03,171.095287,144.81936518686868,-26.275921813131333
mean,fold_2,399,H0400,2021-11-05,153.707065,145.695881175,-8.01118382499999
mean,fold_2,400,H0401,2023-02-10,142.038459,145.695881175,3.657422175000022
mean,fold_3,401,H0402,2023-06-16,159.729596,145.14052439252336,-14.589071607476626
mean,fold_3,403,H0404,2023-08-07,187.859592,145.14052439252336,-42.71906760747663
mean,fold_3,404,H0405,2023-07-09,118.540631,145.14052439252336,26.599893392523356
mean,fold_3,405,H0406,2024-06-12,125.974779,145.14052439252336,19.165745392523363
mean,fold_1,409,H0410,2021-03-19,189.072061,144.81936518686868,-44.25269581313131
mean,fold_2,410,H0411,2022-07-10,154.081179,145.695881175,-8.38529782499998
mean,fold_3,411,H0412,2023-07-28,136.491172,145.14052439252336,8.649352392523355
mean,fold_3,412,H0413,2024-01-21,113.519252,145.14052439252336,31.621272392523366
mean,fold_3,413,H0414,2023-07-07,124.980555,145.14052439252336,20.159969392523365
mean,fold_1,414,H0415,2020-08-21,192.431917,144.81936518686868,-47.61255181313132
mean,fold_3,415,H0416,2024-01-21,115.203741,145.14052439252336,29.936783392523367
mean,fold_2,418,H0419,2022-10-12,155.775204,145.695881175,-10.079322824999991
mean,fold_3,420,H0421,2023-05-15,123.64581,145.14052439252336,21.494714392523363
mean,fold_2,424,H0425,2022-07-14,126.998285,145.695881175,18.697596175000015
mean,fold_1,426,H0427,2020-12-10,153.099936,144.81936518686868,-8.280570813131334
mean,fold_2,427,H0428,2023-02-13,138.586693,145.695881175,7.109188175000014
mean,fold_1,432,H0433,2020-09-28,116.458741,144.81936518686868,28.360624186868677
mean,fold_2,435,H0436,2022-06-25,127.021477,145.695881175,18.674404175000006
mean,fold_3,438,H0439,2023-04-27,109.779947,145.14052439252336,35.36057739252335
mean,fold_1,440,H0441,2020-10-08,133.583156,144.81936518686868,11.236209186868678
mean,fold_3,441,H0442,2024-04-24,127.138594,145.14052439252336,18.001930392523363
mean,fold_1,442,H0443,2021-01-31,110.844249,144.81936518686868,33.975116186868675
mean,fold_2,444,H0445,2022-01-13,129.391394,145.695881175,16.30448717500002
mean,fold_3,446,H0447,2024-07-11,141.053611,145.14052439252336,4.086913392523371
mean,fold_1,447,H0448,2020-07-07,225.413883,144.81936518686868,-80.59451781313132
mean,fold_2,449,H0450,2022-10-03,155.87706,145.695881175,-10.18117882499999
mean,fold_3,451,H0452,2024-04-28,111.612226,145.14052439252336,33.528298392523354
mean,fold_1,452,H0453,2020-10-23,149.672141,144.81936518686868,-4.8527758131313306
mean,fold_2,456,H0457,2022-06-21,138.478522,145.695881175,7.217359175000013
mean,fold_3,457,H0458,2023-07-06,191.454009,145.14052439252336,-46.31348460747665
mean,fold_3,458,H0459,2023-11-24,151.759356,145.14052439252336,-6.618831607476636
mean,fold_1,461,H0462,2020-12-26,199.194383,144.81936518686868,-54.37501781313131
mean,fold_3,465,H0466,2023-10-10,157.778394,145.14052439252336,-12.637869607476631
mean,fold_2,466,H0467,2022-11-14,137.648167,145.695881175,8.04771417500001
mean,fold_1,468,H0469,2020-07-16,134.688036,144.81936518686868,10.131329186868669
mean,fold_3,471,H0472,2024-05-24,156.637781,145.14052439252336,-11.49725660747663
mean,fold_3,472,H0473,2023-08-07,169.47359,145.14052439252336,-24.33306560747664
mean,fold_3,473,H0474,2023-09-19,177.087355,145.14052439252336,-31.94683060747664
mean,fold_1,474,H0475,2021-06-01,138.489522,144.81936518686868,6.329843186868686
mean,fold_1,475,H0476,2020-12-05,150.998391,144.81936518686868,-6.179025813131318
mean,fold_3,476,H0477,2023-03-21,143.872059,145.14052439252336,1.2684653925233533
mean,fold_3,482,H0483,2023-07-10,154.414356,145.14052439252336,-9.273831607476637
mean,fold_1,485,H0486,2021-02-25,159.040022,144.81936518686868,-14.220656813131313
mean,fold_2,486,H0487,2022-11-20,144.319948,145.695881175,1.3759331750000001
mean,fold_3,488,H0489,2024-04-07,172.821716,145.14052439252336,-27.68119160747665
mean,fold_3,490,H0491,2023-04-28,148.347794,145.14052439252336,-3.2072696074766327
mean,fold_2,493,H0494,2022-05-19,129.701953,145.695881175,15.993928175000008
mean,fold_2,494,H0495,2022-05-15,118.781653,145.695881175,26.914228175000005
mean,fold_3,495,H0496,2024-07-14,131.922512,145.14052439252336,13.218012392523349
mean,fold_3,497,H0498,2023-12-13,151.566632,145.14052439252336,-6.426107607476638
mean,fold_1,498,H0499,2021-09-28,132.844566,144.81936518686868,11.974799186868694
mean,fold_1,502,H0503,2020-11-11,141.482493,144.81936518686868,3.336872186868675
mean,fold_2,505,H0506,2022-11-19,159.052446,145.695881175,-13.356564824999992
mean,fold_3,506,H0507,2023-11-18,185.751791,145.14052439252336,-40.61126660747664
mean,fold_3,508,H0509,2024-05-18,152.629763,145.14052439252336,-7.489238607476636
mean,fold_2,509,H0510,2022-09-19,192.69365,145.695881175,-46.99776882499998
mean,fold_1,511,H0512,2021-06-21,173.589992,144.81936518686868,-28.770626813131315
mean,fold_3,512,H0513,2023-11-21,153.041636,145.14052439252336,-7.9011116074766505
mean,fold_1,513,H0514,2021-09-16,112.790986,144.81936518686868,32.028379186868676
mean,fold_1,514,H0515,2020-11-30,187.923029,144.81936518686868,-43.103663813131334
mean,fold_1,515,H0516,2021-03-05,142.986507,144.81936518686868,1.832858186868691
mean,fold_1,522,H0523,2020-05-11,165.210453,144.81936518686868,-20.39108781313132
mean,fold_2,523,H0524,2022-10-20,98.2832,145.695881175,47.41268117500002
mean,fold_2,524,H0525,2022-10-14,134.240011,145.695881175,11.455870175000001
mean,fold_3,525,H0526,2024-02-29,148.711613,145.14052439252336,-3.5710886074766393
mean,fold_1,527,H0528,2021-04-04,158.814774,144.81936518686868,-13.99540881313132
mean,fold_3,528,H0529,2024-02-03,147.160487,145.14052439252336,-2.0199626074766286
mean,fold_2,529,H0530,2022-04-14,147.82961,145.695881175,-2.1337288249999915
mean,fold_2,531,H0532,2021-12-17,158.298771,145.695881175,-12.602889824999977
mean,fold_3,533,H0534,2024-01-07,130.818441,145.14052439252336,14.322083392523353
mean,fold_2,535,H0536,2023-02-20,194.675283,145.695881175,-48.979401825
mean,fold_2,540,H0541,2022-08-25,141.057172,145.695881175,4.6387091750000025
mean,fold_1,541,H0542,2021-03-28,153.42246,144.81936518686868,-8.603094813131321
mean,fold_1,543,H0544,2021-07-26,139.363503,144.81936518686868,5.455862186868671
mean,fold_3,545,H0546,2023-11-30,129.121245,145.14052439252336,16.019279392523373
mean,fold_3,546,H0547,2024-01-06,112.029962,145.14052439252336,33.11056239252336
mean,fold_1,549,H0550,2021-01-01,147.165366,144.81936518686868,-2.346000813131326
mean,fold_3,552,H0553,2024-02-25,154.843412,145.14052439252336,-9.70288760747664
mean,fold_3,553,H0554,2024-04-14,130.773201,145.14052439252336,14.36732339252336
mean,fold_1,556,H0557,2020-12-07,130.158219,144.81936518686868,14.661146186868677
mean,fold_3,558,H0559,2024-01-16,121.482374,145.14052439252336,23.658150392523368
mean,fold_2,559,H0560,2022-07-03,164.313743,145.695881175,-18.617861824999977
mean,fold_2,561,H0562,2021-11-22,136.948025,145.695881175,8.74785617500001
mean,fold_2,562,H0563,2023-01-16,130.480645,145.695881175,15.215236175000001
mean,fold_1,566,H0567,2020-12-03,121.54532,144.81936518686868,23.274045186868676
mean,fold_1,567,H0568,2021-03-28,128.414645,144.81936518686868,16.404720186868673
mean,fold_3,569,H0570,2024-02-23,139.712011,145.14052439252336,5.428513392523371
mean,fold_2,573,H0574,2022-12-12,203.732706,145.695881175,-58.036824825
mean,fold_2,575,H0576,2021-11-08,106.693541,145.695881175,39.002340175000015
mean,fold_3,578,H0579,2023-03-02,185.402319,145.14052439252336,-40.261794607476645
mean,fold_3,579,H0580,2023-11-18,152.297587,145.14052439252336,-7.157062607476632
mean,fold_1,581,H0582,2021-09-15,203.028468,144.81936518686868,-58.209102813131324
mean,fold_2,582,H0583,2022-03-31,116.771074,145.695881175,28.924807175000012
mean,fold_2,583,H0584,2022-04-14,125.65067,145.695881175,20.045211175000006
mean,fold_2,584,H0585,2022-04-26,119.708128,145.695881175,25.98775317500001
mean,fold_3,586,H0587,2024-06-17,124.615442,145.14052439252336,20.52508239252336
mean,fold_2,588,H0589,2022-02-16,130.719169,145.695881175,14.976712175000017
mean,fold_1,589,H0590,2020-12-19,106.175706,144.81936518686868,38.643659186868675
mean,fold_2,591,H0592,2022-10-24,131.682477,145.695881175,14.013404175000005
mean,fold_1,592,H0593,2020-12-22,179.727125,144.81936518686868,-34.90775981313132
mean,fold_3,597,H0598,2023-06-26,127.387591,145.14052439252336,17.75293339252336
mean,fold_2,598,H0599,2021-11-26,194.0406,145.695881175,-48.344718825
mean,fold_3,599,H0600,2024-02-06,151.330618,145.14052439252336,-6.190093607476626
mean,fold_1,601,H0602,2021-01-14,127.706965,144.81936518686868,17.112400186868683
mean,fold_1,602,H0603,2020-06-26,125.244514,144.81936518686868,19.574851186868685
mean,fold_2,605,H0606,2022-06-06,105.020449,145.695881175,40.67543217500001
mean,fold_2,606,H0607,2021-11-02,107.224936,145.695881175,38.47094517500001
mean,fold_2,608,H0609,2022-09-22,166.190016,145.695881175,-20.494134825000003
mean,fold_3,609,H0610,2024-01-31,134.959825,145.14052439252336,10.180699392523366
mean,fold_2,610,H0611,2022-09-30,155.771214,145.695881175,-10.075332824999975
mean,fold_1,611,H0612,2021-01-11,132.029839,144.81936518686868,12.78952618686867
mean,fold_3,614,H0615,2024-03-17,136.116076,145.14052439252336,9.024448392523368
mean,fold_3,617,H0618,2023-12-08,113.51782,145.14052439252336,31.62270439252336
mean,fold_3,618,H0619,2024-04-15,140.841682,145.14052439252336,4.298842392523369
mean,fold_1,627,H0628,2020-08-11,137.741162,144.81936518686868,7.078203186868677
mean,fold_1,628,H0629,2021-09-04,148.116188,144.81936518686868,-3.296822813131314
mean,fold_2,629,H0630,2022-04-09,127.845275,145.695881175,17.85060617500001
mean,fold_2,630,H0631,2023-02-04,170.199875,145.695881175,-24.50399382499998
mean,fold_3,631,H0632,2023-04-08,167.415438,145.14052439252336,-22.274913607476634
mean,fold_1,632,H0633,2020-06-06,175.249614,144.81936518686868,-30.43024881313133
mean,fold_1,633,H0634,2021-04-26,184.516947,144.81936518686868,-39.69758181313131
mean,fold_3,635,H0636,2024-05-27,119.449952,145.14052439252336,25.690572392523364
mean,fold_2,637,H0638,2022-11-11,172.114066,145.695881175,-26.418184824999997
mean,fold_1,638,H0639,2020-08-19,137.019615,144.81936518686868,7.7997501868686925
mean,fold_1,639,H0640,2021-06-30,125.55018,144.81936518686868,19.269185186868683
mean,fold_1,640,H0641,2020-08-04,116.601689,144.81936518686868,28.217676186868687
mean,fold_2,644,H0645,2021-11-04,176.233289,145.695881175,-30.537407825000003
mean,fold_3,645,H0646,2024-04-04,110.775019,145.14052439252336,34.36550539252336
mean,fold_1,646,H0647,2020-07-19,105.219867,144.81936518686868,39.599498186868686
mean,fold_2,647,H0648,2021-11-23,153.192398,145.695881175,-7.496516824999986
mean,fold_1,649,H0650,2020-08-09,139.154641,144.81936518686868,5.664724186868682
mean,fold_1,650,H0651,2020-12-06,123.618484,144.81936518686868,21.200881186868685
mean,fold_2,652,H0653,2022-03-17,123.690005,145.695881175,22.00587617500001
mean,fold_3,653,H0654,2024-03-15,185.112735,145.14052439252336,-39.972210607476626
mean,fold_2,654,H0655,2022-03-18,144.218166,145.695881175,1.4777151750000144
mean,fold_3,655,H0656,2023-12-12,136.551085,145.14052439252336,8.58943939252336
mean,fold_2,657,H0658,2021-10-03,171.519427,145.695881175,-25.823545824999997
mean,fold_1,658,H0659,2021-05-23,168.35803,144.81936518686868,-23.538664813131334
mean,fold_3,662,H0663,2023-10-26,176.292889,145.14052439252336,-31.152364607476642
mean,fold_1,663,H0664,2020-06-18,133.415695,144.81936518686868,11.40367018686868
mean,fold_1,667,H0668,2021-03-06,100.724212,144.81936518686868,44.095153186868686
mean,fold_1,668,H0669,2021-04-22,127.782479,144.81936518686868,17.036886186868685
mean,fold_3,672,H0673,2023-11-25,122.407017,145.14052439252336,22.733507392523364
mean,fold_1,674,H0675,2021-02-09,155.038059,144.81936518686868,-10.218693813131324
mean,fold_2,675,H0676,2022-07-30,127.871087,145.695881175,17.824794175000008
mean,fold_1,678,H0679,2021-02-21,119.815317,144.81936518686868,25.004048186868687
mean,fold_2,679,H0680,2022-11-07,183.255159,145.695881175,-37.55927782499998
mean,fold_1,680,H0681,2021-08-18,153.60066,144.81936518686868,-8.781294813131325
mean,fold_2,681,H0682,2021-10-12,138.325289,145.695881175,7.370592175000013
mean,fold_2,683,H0684,2022-08-11,157.725541,145.695881175,-12.029659824999982
mean,fold_2,684,H0685,2022-05-21,186.31524,145.695881175,-40.61935882499998
mean,fold_1,685,H0686,2021-01-03,140.247781,144.81936518686868,4.571584186868677
mean,fold_2,686,H0687,2022-08-11,161.752058,145.695881175,-16.056176824999994
mean,fold_1,688,H0689,2021-03-09,133.307227,144.81936518686868,11.512138186868668
mean,fold_2,690,H0691,2022-11-01,114.226275,145.695881175,31.46960617500001
mean,fold_2,694,H0695,2022-10-16,131.568044,145.695881175,14.127837175000025
mean,fold_3,697,H0698,2024-05-31,126.422264,145.14052439252336,18.718260392523362
mean,fold_2,698,H0699,2022-06-25,139.432085,145.695881175,6.26379617500001
mean,fold_3,699,H0700,2024-07-21,196.190354,145.14052439252336,-51.04982960747665
ridge,fold_1,3,H0004,2021-07-25,183.694985,173.02071198386813,-10.674273016131878
ridge,fold_2,6,H0007,2022-09-24,129.480289,147.60010022767284,18.11981122767284
ridge,fold_2,7,H0008,2023-01-11,121.154322,130.98917003920613,9.834848039206136
ridge,fold_2,8,H0009,2022-06-06,139.293116,133.12045298172367,-6.1726630182763245
ridge,fold_1,11,H0012,2020-06-30,183.243903,161.40898679077182,-21.83491620922817
ridge,fold_1,13,H0014,2020-09-07,170.796794,154.22838309561462,-16.568410904385388
ridge,fold_3,15,H0016,2023-04-08,149.953225,165.26837594513316,15.315150945133155
ridge,fold_3,17,H0018,2024-04-30,119.620279,142.54363650713145,22.923357507131456
ridge,fold_1,18,H0019,2021-02-04,143.476193,158.62112958821672,15.144936588216723
ridge,fold_1,19,H0020,2020-11-15,189.77568,178.90393632042912,-10.87174367957087
ridge,fold_3,21,H0022,2023-04-29,160.716911,137.59612807219102,-23.12078292780899
ridge,fold_1,23,H0024,2021-09-16,135.598247,141.98349931600376,6.385252316003772
ridge,fold_3,25,H0026,2023-12-05,139.17006,149.4988888431492,10.328828843149182
ridge,fold_2,27,H0028,2022-04-26,149.924119,123.72863617353964,-26.19548282646035
ridge,fold_1,28,H0029,2020-07-10,162.864843,142.67263775749362,-20.19220524250639
ridge,fold_1,29,H0030,2021-08-16,165.512334,172.2558606533943,6.743526653394298
ridge,fold_2,30,H0031,2022-08-31,141.977017,129.67688446992543,-12.300132530074563
ridge,fold_2,32,H0033,2022-07-28,147.233426,139.65108147383617,-7.582344526163837
ridge,fold_2,34,H0035,2022-02-06,149.268617,127.00739759712366,-22.26121940287635
ridge,fold_3,37,H0038,2024-07-13,141.669636,150.53497470667384,8.865338706673839
ridge,fold_1,38,H0039,2020-09-30,119.664683,128.22862171249005,8.563938712490057
ridge,fold_2,39,H0040,2022-02-22,159.589876,150.53042508153194,-9.059450918468059
ridge,fold_2,40,H0041,2022-03-17,131.270653,118.1787505967231,-13.091902403276904
ridge,fold_3,42,H0043,2023-03-17,153.628101,174.26143546524509,20.6333344652451
ridge,fold_1,44,H0045,2021-05-15,131.832096,126.44972538506494,-5.38237061493507
ridge,fold_1,45,H0046,2020-11-15,127.350213,129.82716839578347,2.4769553957834773
ridge,fold_3,47,H0048,2024-06-13,208.649234,197.60238769988172,-11.04684630011829
ridge,fold_1,48,H0049,2020-06-04,130.962653,167.3797650870552,36.417112087055216
ridge,fold_2,49,H0050,2022-07-24,161.638,147.70054224841564,-13.937457751584361
ridge,fold_1,50,H0051,2020-09-11,133.415175,149.77309442881415,16.357919428814142
ridge,fold_3,51,H0052,2024-07-09,157.866639,140.8547966544114,-17.011842345588605
ridge,fold_2,54,H0055,2023-01-22,119.47747,124.39207791759728,4.91460791759728
ridge,fold_1,55,H0056,2021-03-17,148.335177,136.3235216435675,-12.011655356432499
ridge,fold_2,56,H0057,2022-09-22,126.902781,130.89858613703498,3.995805137034978
ridge,fold_2,58,H0059,2022-04-15,136.78526,132.13204693361718,-4.653213066382818
ridge,fold_1,60,H0061,2020-12-06,155.407423,146.72839673199837,-8.679026268001621
ridge,fold_2,61,H0062,2023-02-23,156.473576,167.80903809182573,11.335462091825718
ridge,fold_3,62,H0063,2024-07-15,123.259631,121.13297921006185,-2.126651789938151
ridge,fold_2,63,H0064,2022-05-11,134.103334,131.73818943893775,-2.3651445610622375
ridge,fold_1,65,H0066,2020-08-29,200.898625,173.76778782459286,-27.13083717540715
ridge,fold_2,67,H0068,2022-09-19,118.917863,124.56770964162033,5.649846641620329
ridge,fold_2,71,H0072,2022-08-09,139.641015,159.02308309610888,19.382068096108867
ridge,fold_1,75,H0076,2021-05-26,141.137948,138.1685923960071,-2.969355603992881
ridge,fold_3,78,H0079,2023-12-12,118.615149,131.81983766134428,13.204688661344278
ridge,fold_2,79,H0080,2023-01-02,194.38275,198.36310005188824,3.9803500518882515
ridge,fold_1,80,H0081,2021-07-01,126.998558,144.273316728336,17.274758728335996
ridge,fold_3,81,H0082,2023-03-27,143.154096,140.253353284742,-2.900742715258019
ridge,fold_2,84,H0085,2023-01-12,143.052677,138.03786745959383,-5.014809540406162
ridge,fold_3,87,H0088,2023-11-15,176.139532,172.78778142489554,-3.351750575104461
ridge,fold_3,88,H0089,2023-04-30,146.723595,133.24746264473254,-13.476132355267453
ridge,fold_1,89,H0090,2021-08-13,144.581428,167.8391238819899,23.257695881989918
ridge,fold_2,90,H0091,2021-10-20,142.905141,167.3277426521994,24.422601652199404
ridge,fold_2,91,H0092,2023-01-13,149.994928,157.13332202021107,7.138394020211081
ridge,fold_3,92,H0093,2024-02-08,165.295584,162.14645346331108,-3.149130536688915
ridge,fold_1,93,H0094,2021-04-23,156.65485,134.99391976019598,-21.66093023980403
ridge,fold_3,96,H0097,2024-01-11,126.645387,133.38400739338138,6.738620393381382
ridge,fold_1,98,H0099,2021-07-14,130.193525,124.30536000126915,-5.8881649987308435
ridge,fold_2,100,H0101,2022-01-18,172.812894,144.11866897354304,-28.694225026456962
ridge,fold_1,101,H0102,2020-05-24,121.660846,130.83841464520242,9.177568645202413
ridge,fold_3,103,H0104,2024-06-03,140.94746,143.90891705739793,2.961457057397922
ridge,fold_3,104,H0105,2023-09-25,137.547889,126.49105034037905,-11.05683865962095
ridge,fold_3,105,H0106,2023-04-01,149.56439,141.57060626593452,-7.993783734065488
ridge,fold_3,106,H0107,2024-01-09,141.316391,164.40352885581842,23.087137855818412
ridge,fold_2,107,H0108,2022-04-06,118.277004,126.79064067694104,8.513636676941033
ridge,fold_3,111,H0112,2023-03-06,172.74858,167.214008159467,-5.534571840533005
ridge,fold_3,113,H0114,2024-01-24,124.20688,136.1271544377857,11.920274437785693
ridge,fold_3,114,H0115,2023-12-04,168.008939,165.19461527174,-2.814323728260007
ridge,fold_1,118,H0119,2020-09-24,179.01803,160.35839599264287,-18.65963400735714
ridge,fold_3,124,H0125,2024-05-02,160.430043,147.398937996727,-13.031105003273012
ridge,fold_3,127,H0128,2023-05-28,129.687754,123.15690242054875,-6.530851579451266
ridge,fold_3,128,H0129,2023-07-03,197.070001,178.39339558658077,-18.676605413419225
ridge,fold_3,130,H0131,2023-03-30,167.00117,144.1546098009064,-22.846560199093602
ridge,fold_3,131,H0132,2023-04-26,141.788244,128.02014263997913,-13.768101360020864
ridge,fold_3,132,H0133,2024-03-03,169.085419,167.80144028082046,-1.2839787191795438
ridge,fold_1,133,H0134,2021-05-09,110.674359,132.71611746759712,22.04175846759712
ridge,fold_2,135,H0136,2022-12-31,154.011252,136.05257725277949,-17.958674747220527
ridge,fold_1,140,H0141,2020-06-11,173.632595,169.53322723611828,-4.09936776388173
ridge,fold_1,141,H0142,2021-03-05,132.750505,126.31718774723032,-6.433317252769683
ridge,fold_3,144,H0145,2023-04-16,167.175082,160.42839872197425,-6.746683278025756
ridge,fold_1,145,H0146,2020-10-20,111.858898,132.89742912970496,21.038531129704964
ridge,fold_1,147,H0148,2020-12-13,140.570607,136.63061180116273,-3.9399951988372663
ridge,fold_3,148,H0149,2023-04-19,162.084136,154.41339467243023,-7.670741327569772
ridge,fold_3,149,H0150,2023-05-19,125.460151,121.02816225711499,-4.431988742885011
ridge,fold_1,152,H0153,2021-06-07,183.667784,174.63302026245813,-9.03476373754188
ridge,fold_1,154,H0155,2020-09-23,122.203993,136.76235406762092,14.558361067620922
ridge,fold_1,156,H0157,2020-11-27,143.670765,137.39158857130155,-6.279176428698435
ridge,fold_1,157,H0158,2021-05-06,186.291265,158.2860246202842,-28.005240379715815
ridge,fold_3,158,H0159,2024-05-09,173.98285,148.6120435020035,-25.37080649799651
ridge,fold_2,159,H0160,2022-12-23,147.096345,147.49892902538696,0.40258402538694327
ridge,fold_3,162,H0163,2024-07-10,153.805134,156.6330144242732,2.8278804242731894
ridge,fold_1,165,H0166,2020-11-10,140.48468,156.81152508018232,16.326845080182323
ridge,fold_3,167,H0168,2023-10-16,107.402665,125.54971666595797,18.147051665957974
ridge,fold_3,172,H0173,2023-04-20,151.026066,173.96601398156702,22.93994798156703
ridge,fold_2,176,H0177,2023-02-22,133.161928,134.03589952186556,0.8739715218655704
ridge,fold_3,177,H0178,2024-01-30,144.932831,158.98021125832375,14.047380258323756
ridge,fold_2,178,H0179,2022-10-29,114.748879,123.02520876976517,8.27632976976517
ridge,fold_3,179,H0180,2024-01-18,101.212102,122.73462760381219,21.522525603812184
ridge,fold_3,180,H0181,2024-05-24,201.412845,175.50749462597554,-25.905350374024465
ridge,fold_3,181,H0182,2023-08-16,139.8981,146.54050035076307,6.642400350763069
ridge,fold_1,182,H0183,2021-03-14,145.242497,140.55285486765683,-4.6896421323431525
ridge,fold_3,183,H0184,2023-06-07,134.304233,140.03622681651512,5.731993816515114
ridge,fold_3,184,H0185,2024-06-18,97.696023,124.56889367889002,26.872870678890024
ridge,fold_1,185,H0186,2020-08-24,145.542835,155.0514482174026,9.508613217402598
ridge,fold_2,186,H0187,2021-12-19,139.479896,133.38491945773433,-6.09497654226567
ridge,fold_1,191,H0192,2020-05-31,160.005412,137.64857105206,-22.356840947940015
ridge,fold_2,193,H0194,2022-02-24,119.995948,131.182386335729,11.186438335729008
ridge,fold_1,195,H0196,2021-05-10,150.308825,162.3294075132389,12.020582513238878
ridge,fold_1,200,H0201,2020-10-06,133.889569,147.2067299582859,13.31716095828591
ridge,fold_2,201,H0202,2021-10-28,136.016116,145.073529124335,9.057413124335
ridge,fold_3,203,H0204,2023-03-21,117.706484,118.39632361379674,0.6898396137967353
ridge,fold_1,204,H0205,2021-06-10,154.76783,123.4679786428074,-31.29985135719261
ridge,fold_2,205,H0206,2022-07-05,126.325033,143.60281862218733,17.277785622187324
ridge,fold_3,212,H0213,2024-06-29,156.576933,139.32588332859396,-17.251049671406037
ridge,fold_2,213,H0214,2022-02-26,114.53955,132.22612127786664,17.686571277866634
ridge,fold_3,223,H0224,2023-11-19,135.693147,128.78090260269093,-6.912244397309081
ridge,fold_2,224,H0225,2022-02-18,174.549441,160.36039279327366,-14.18904820672634
ridge,fold_1,225,H0226,2021-07-04,112.989085,118.73128918364567,5.7422041836456685
ridge,fold_2,226,H0227,2022-05-11,193.324715,195.64215805617982,2.317443056179826
ridge,fold_3,227,H0228,2024-04-30,183.682726,176.88533877080195,-6.797387229198051
ridge,fold_2,231,H0232,2022-12-15,167.916254,170.5697820234189,2.653528023418886
ridge,fold_2,233,H0234,2021-12-20,139.267142,144.93696951421455,5.669827514214546
ridge,fold_3,234,H0235,2023-06-09,152.7288,148.27723377498435,-4.451566225015654
ridge,fold_1,241,H0242,2021-06-21,185.812781,173.77754844785164,-12.035232552148358
ridge,fold_1,245,H0246,2021-04-19,174.226941,170.49683504293728,-3.730105957062733
ridge,fold_2,247,H0248,2023-02-04,164.707407,175.60265432788472,10.895247327884732
ridge,fold_2,248,H0249,2022-08-29,150.087325,168.65820552770853,18.57088052770854
ridge,fold_2,250,H0251,2022-06-03,143.091883,144.479471726142,1.3875887261420132
ridge,fold_1,251,H0252,2021-03-30,129.746433,125.88258134641357,-3.8638516535864227
ridge,fold_3,252,H0253,2023-06-25,151.688584,162.72656191130216,11.037977911302164
ridge,fold_2,253,H0254,2022-02-23,114.302566,142.1813640106723,27.8787980106723
ridge,fold_3,254,H0255,2023-04-13,139.410331,131.37273932319187,-8.037591676808148
ridge,fold_3,256,H0257,2023-06-11,139.839053,138.79908519990624,-1.0399678000937627
ridge,fold_3,257,H0258,2024-02-21,147.756514,170.5158634922948,22.759349492294803
ridge,fold_1,258,H0259,2020-11-30,156.933124,142.8060296986172,-14.127094301382783
ridge,fold_3,259,H0260,2023-12-23,155.260785,156.54392072398917,1.2831357239891759
ridge,fold_3,263,H0264,2024-03-27,145.983842,130.63271749961703,-15.35112450038298
ridge,fold_3,264,H0265,2024-04-18,127.011051,135.25269465770847,8.24164365770848
ridge,fold_1,265,H0266,2021-09-05,122.86288,129.8415871107467,6.978707110746697
ridge,fold_3,267,H0268,2024-01-27,171.422696,164.55715360623785,-6.865542393762155
ridge,fold_1,268,H0269,2021-09-22,170.583356,165.9585666094389,-4.624789390561119
ridge,fold_1,269,H0270,2020-07-23,186.790711,159.1657126664901,-27.624998333509893
ridge,fold_3,271,H0272,2023-12-15,157.465107,161.0589097064188,3.5938027064188134
ridge,fold_2,272,H0273,2022-05-26,135.355501,128.66118506933904,-6.694315930660963
ridge,fold_3,280,H0281,2024-01-23,142.301879,154.20040361125257,11.898524611252554
ridge,fold_2,283,H0284,2022-03-06,125.253119,131.6644496279327,6.411330627932699
ridge,fold_3,284,H0285,2023-07-14,223.773217,185.62038520686502,-38.152831793134965
ridge,fold_1,285,H0286,2020-10-01,160.71384,146.7261753903964,-13.987664609603598
ridge,fold_1,292,H0293,2020-08-04,106.954368,124.78085448865382,17.826486488653813
ridge,fold_2,294,H0295,2023-02-23,121.350452,127.40440648538014,6.053954485380132
ridge,fold_1,296,H0297,2021-04-29,166.830316,166.36145305259413,-0.4688629474058814
ridge,fold_1,297,H0298,2021-09-04,137.631178,146.16134070775698,8.530162707756972
ridge,fold_3,301,H0302,2023-12-27,166.479026,152.8171171309725,-13.661908869027513
ridge,fold_3,304,H0305,2023-05-13,124.29625,130.10361796716197,5.807367967161966
ridge,fold_2,308,H0309,2022-08-16,123.531393,142.08000820792682,18.54861520792683
ridge,fold_3,311,H0312,2023-11-23,151.041177,151.20846163522,0.1672846352199997
ridge,fold_3,315,H0316,2024-07-27,160.585395,163.09692673306796,2.5115317330679545
ridge,fold_3,316,H0317,2023-10-04,134.198625,136.6115240246072,2.4128990246072135
ridge,fold_3,317,H0318,2024-06-22,110.68118,128.7369760221578,18.055796022157793
ridge,fold_1,320,H0321,2021-03-09,139.845247,132.1668791324152,-7.678367867584797
ridge,fold_1,321,H0322,2020-05-26,123.318123,139.43246944183693,16.11434644183693
ridge,fold_1,324,H0325,2021-01-12,137.021914,134.96807541991785,-2.0538385800821573
ridge,fold_1,325,H0326,2021-09-17,142.364009,148.44166954418756,6.077660544187552
ridge,fold_3,329,H0330,2024-06-29,166.197665,171.80491775759117,5.607252757591169
ridge,fold_3,330,H0331,2023-05-06,139.111444,128.85654246651433,-10.254901533485679
ridge,fold_2,331,H0332,2022-03-23,125.943393,119.63504652927635,-6.308346470723649
ridge,fold_2,332,H0333,2023-01-04,134.615772,141.50644906494932,6.89067706494933
ridge,fold_3,333,H0334,2023-10-13,164.715736,133.30299995874213,-31.41273604125786
ridge,fold_1,335,H0336,2021-09-21,145.075279,168.68901855985442,23.613739559854423
ridge,fold_2,336,H0337,2021-10-17,151.798498,171.71959135638417,19.921093356384176
ridge,fold_1,339,H0340,2021-09-03,164.852885,139.50617680558926,-25.346708194410724
ridge,fold_1,340,H0341,2020-09-06,150.579586,144.35140798663875,-6.2281780133612585
ridge,fold_1,342,H0343,2020-07-31,107.806693,147.5742857348049,39.76759273480491
ridge,fold_3,343,H0344,2023-09-10,132.123547,133.97458607375887,1.8510390737588693
ridge,fold_2,344,H0345,2022-10-07,93.963404,137.45195256057897,43.48854856057898
ridge,fold_1,347,H0348,2020-09-25,170.113589,169.01442845564907,-1.099160544350923
ridge,fold_2,348,H0349,2022-06-09,158.525099,180.48227525561308,21.957176255613064
ridge,fold_2,350,H0351,2023-02-12,129.68708,127.81751597404815,-1.8695640259518598
ridge,fold_3,351,H0352,2024-01-04,134.163869,127.43443715476599,-6.729431845234018
ridge,fold_3,353,H0354,2023-09-30,160.106154,153.34547910851708,-6.760674891482921
ridge,fold_1,355,H0356,2020-05-07,170.691275,165.43619199441355,-5.255083005586442
ridge,fold_3,356,H0357,2023-07-29,113.792679,128.97273299819574,15.180053998195731
ridge,fold_3,360,H0361,2023-04-15,196.456808,175.2614814100252,-21.195326589974798
ridge,fold_2,361,H0362,2022-03-07,134.690669,172.12506571223437,37.43439671223436
ridge,fold_1,363,H0364,2021-09-15,124.763049,123.33570902483562,-1.4273399751643723
ridge,fold_3,365,H0366,2024-07-14,162.447747,161.2130273659845,-1.234719634015505
ridge,fold_1,367,H0368,2021-07-22,108.146926,137.76567779367244,29.618751793672445
ridge,fold_3,368,H0369,2023-08-26,155.222482,157.86282072152756,2.6403387215275416
ridge,fold_2,371,H0372,2022-05-19,145.14254,138.89608574049092,-6.246454259509079
ridge,fold_2,372,H0373,2022-01-27,176.808131,174.38165137247753,-2.4264796275224683
ridge,fold_1,373,H0374,2020-06-06,127.389307,140.3814572667446,12.992150266744602
ridge,fold_1,374,H0375,2021-06-29,139.362192,142.1739095770298,2.8117175770298104
ridge,fold_3,377,H0378,2024-05-09,205.849381,171.926986974667,-33.922394025333006
ridge,fold_1,379,H0380,2020-05-16,172.945798,173.6738792945608,0.7280812945608091
ridge,fold_3,383,H0384,2023-12-16,138.844458,135.27602494129036,-3.568433058709644
ridge,fold_2,386,H0387,2022-08-18,170.651731,178.22706285066167,7.575331850661655
ridge,fold_3,389,H0390,2023-04-17,154.021642,159.06798394427327,5.046341944273252
ridge,fold_1,393,H0394,2021-08-15,111.578597,125.09904470176204,13.520447701762038
ridge,fold_1,395,H0396,2020-05-16,178.725791,161.22269466516408,-17.503096334835902
ridge,fold_1,396,H0397,2020-07-02,144.371266,142.54693561581377,-1.8243303841862257
ridge,fold_3,397,H0398,2023-11-09,114.609569,127.88852360599226,13.278954605992269
ridge,fold_1,398,H0399,2021-01-03,171.095287,178.1852694301841,7.0899824301840795
ridge,fold_2,399,H0400,2021-11-05,153.707065,133.7969167511938,-19.910148248806195
ridge,fold_2,400,H0401,2023-02-10,142.038459,135.67132171438152,-6.367137285618469
ridge,fold_3,401,H0402,2023-06-16,159.729596,170.4847383103213,10.755142310321304
ridge,fold_3,403,H0404,2023-08-07,187.859592,164.5613578422526,-23.2982341577474
ridge,fold_3,404,H0405,2023-07-09,118.540631,131.7439334331836,13.203302433183595
ridge,fold_3,405,H0406,2024-06-12,125.974779,145.245627637686,19.270848637686
ridge,fold_1,409,H0410,2021-03-19,189.072061,172.80596262142922,-16.266098378570774
ridge,fold_2,410,H0411,2022-07-10,154.081179,160.21861966066814,6.1374406606681475
ridge,fold_3,411,H0412,2023-07-28,136.491172,136.34821697449243,-0.14295502550757533
ridge,fold_3,412,H0413,2024-01-21,113.519252,123.17645489982542,9.657202899825421
ridge,fold_3,413,H0414,2023-07-07,124.980555,139.27714128041288,14.296586280412882
ridge,fold_1,414,H0415,2020-08-21,192.431917,153.53892117575418,-38.892995824245816
ridge,fold_3,415,H0416,2024-01-21,115.203741,132.56414913013248,17.360408130132484
ridge,fold_2,418,H0419,2022-10-12,155.775204,137.6116336536913,-18.16357034630869
ridge,fold_3,420,H0421,2023-05-15,123.64581,140.51778849372042,16.87197849372042
ridge,fold_2,424,H0425,2022-07-14,126.998285,137.41437765726766,10.416092657267669
ridge,fold_1,426,H0427,2020-12-10,153.099936,140.5849609813927,-12.514975018607316
ridge,fold_2,427,H0428,2023-02-13,138.586693,140.9304619834854,2.343768983485404
ridge,fold_1,432,H0433,2020-09-28,116.458741,130.660624652334,14.201883652334004
ridge,fold_2,435,H0436,2022-06-25,127.021477,127.8140794171277,0.7926024171276964
ridge,fold_3,438,H0439,2023-04-27,109.779947,121.86705843017747,12.087111430177458
ridge,fold_1,440,H0441,2020-10-08,133.583156,137.31509151223923,3.7319355122392324
ridge,fold_3,441,H0442,2024-04-24,127.138594,127.61231240782381,0.47371840782381014
ridge,fold_1,442,H0443,2021-01-31,110.844249,119.20292650441743,8.358677504417429
ridge,fold_2,444,H0445,2022-01-13,129.391394,132.91625326906708,3.5248592690670932
ridge,fold_3,446,H0447,2024-07-11,141.053611,145.1503163957431,4.0967053957431006
ridge,fold_1,447,H0448,2020-07-07,225.413883,176.0881383779957,-49.325744622004294
ridge,fold_2,449,H0450,2022-10-03,155.87706,170.09740796360094,14.220347963600943
ridge,fold_3,451,H0452,2024-04-28,111.612226,116.68029590664517,5.068069906645164
ridge,fold_1,452,H0453,2020-10-23,149.672141,121.34575572014474,-28.326385279855273
ridge,fold_2,456,H0457,2022-06-21,138.478522,131.9278501238083,-6.5506718761917
ridge,fold_3,457,H0458,2023-07-06,191.454009,163.16275566531,-28.291253334690026
ridge,fold_3,458,H0459,2023-11-24,151.759356,157.53454471446648,5.775188714466481
ridge,fold_1,461,H0462,2020-12-26,199.194383,177.84035883722973,-21.35402416277026
ridge,fold_3,465,H0466,2023-10-10,157.778394,151.84640979617356,-5.931984203826431
ridge,fold_2,466,H0467,2022-11-14,137.648167,133.14999304182564,-4.4981739581743625
ridge,fold_1,468,H0469,2020-07-16,134.688036,117.86419300159784,-16.82384299840217
ridge,fold_3,471,H0472,2024-05-24,156.637781,166.7615214564409,10.123740456440913
ridge,fold_3,472,H0473,2023-08-07,169.47359,170.23205987666216,0.7584698766621614
ridge,fold_3,473,H0474,2023-09-19,177.087355,166.45092067163597,-10.636434328364032
ridge,fold_1,474,H0475,2021-06-01,138.489522,142.67263775749362,4.183115757493624
ridge,fold_1,475,H0476,2020-12-05,150.998391,157.35003872843805,6.351647728438053
ridge,fold_3,476,H0477,2023-03-21,143.872059,156.82321031285116,12.951151312851152
ridge,fold_3,482,H0483,2023-07-10,154.414356,158.94167189098246,4.5273158909824645
ridge,fold_1,485,H0486,2021-02-25,159.040022,167.4512871516118,8.411265151611815
ridge,fold_2,486,H0487,2022-11-20,144.319948,150.4043198616604,6.084371861660401
ridge,fold_3,488,H0489,2024-04-07,172.821716,160.73130494483155,-12.09041105516846
ridge,fold_3,490,H0491,2023-04-28,148.347794,151.1225580816533,2.774764081653302
ridge,fold_2,493,H0494,2022-05-19,129.701953,132.37840732178205,2.676454321782046
ridge,fold_2,494,H0495,2022-05-15,118.781653,123.62327899655315,4.841625996553148
ridge,fold_3,495,H0496,2024-07-14,131.922512,137.41234077632433,5.489828776324316
ridge,fold_3,497,H0498,2023-12-13,151.566632,154.93674886781176,3.3701168678117597
ridge,fold_1,498,H0499,2021-09-28,132.844566,120.3929601020417,-12.451605897958288
ridge,fold_1,502,H0503,2020-11-11,141.482493,131.91356475802834,-9.568928241971662
ridge,fold_2,505,H0506,2022-11-19,159.052446,140.21329767489394,-18.839148325106066
ridge,fold_3,506,H0507,2023-11-18,185.751791,179.12677658369145,-6.625014416308545
ridge,fold_3,508,H0509,2024-05-18,152.629763,149.71925499135318,-2.910508008646815
ridge,fold_2,509,H0510,2022-09-19,192.69365,165.84420933115203,-26.84944066884796
ridge,fold_1,511,H0512,2021-06-21,173.589992,150.86823484977785,-22.721757150222146
ridge,fold_3,512,H0513,2023-11-21,153.041636,157.57267928195654,4.531043281956528
ridge,fold_1,513,H0514,2021-09-16,112.790986,140.23900354658142,27.44801754658141
ridge,fold_1,514,H0515,2020-11-30,187.923029,164.7185949266156,-23.20443407338442
ridge,fold_1,515,H0516,2021-03-05,142.986507,144.7615855936614,1.7750785936614193
ridge,fold_1,522,H0523,2020-05-11,165.210453,129.56414164557967,-35.646311354420334
ridge,fold_2,523,H0524,2022-10-20,98.2832,123.02297393221873,24.73977393221874
ridge,fold_2,524,H0525,2022-10-14,134.240011,132.13204693361718,-2.1079640663828343
ridge,fold_3,525,H0526,2024-02-29,148.711613,144.16568805421204,-4.545924945787959
ridge,fold_1,527,H0528,2021-04-04,158.814774,167.2210887406969,8.4063147406969
ridge,fold_3,528,H0529,2024-02-03,147.160487,143.4655635395215,-3.694923460478492
ridge,fold_2,529,H0530,2022-04-14,147.82961,149.93259891453783,2.102988914537832
ridge,fold_2,531,H0532,2021-12-17,158.298771,151.1541045707323,-7.144666429267687
ridge,fold_3,533,H0534,2024-01-07,130.818441,143.8276391853357,13.009198185335691
ridge,fold_2,535,H0536,2023-02-20,194.675283,178.76020053490646,-15.915082465093548
ridge,fold_2,540,H0541,2022-08-25,141.057172,131.1005776839677,-9.956594316032295
ridge,fold_1,541,H0542,2021-03-28,153.42246,148.43045354633352,-4.992006453666477
ridge,fold_1,543,H0544,2021-07-26,139.363503,137.18377887273806,-2.1797241272619488
ridge,fold_3,545,H0546,2023-11-30,129.121245,128.2577043809502,-0.8635406190497861
ridge,fold_3,546,H0547,2024-01-06,112.029962,127.35423303740052,15.324271037400521
ridge,fold_1,549,H0550,2021-01-01,147.165366,152.91490317229767,5.749537172297664
ridge,fold_3,552,H0553,2024-02-25,154.843412,140.04824120186098,-14.795170798139026
ridge,fold_3,553,H0554,2024-04-14,130.773201,128.86632635378245,-1.9068746462175454
ridge,fold_1,556,H0557,2020-12-07,130.158219,132.67540327720337,2.51718427720337
ridge,fold_3,558,H0559,2024-01-16,121.482374,138.6787608818907,17.196386881890703
ridge,fold_2,559,H0560,2022-07-03,164.313743,166.7303107257777,2.4165677257777247
ridge,fold_2,561,H0562,2021-11-22,136.948025,149.29061532036962,12.342590320369624
ridge,fold_2,562,H0563,2023-01-16,130.480645,131.01036380496873,0.5297188049687236
ridge,fold_1,566,H0567,2020-12-03,121.54532,125.73019065043582,4.184870650435812
ridge,fold_1,567,H0568,2021-03-28,128.414645,135.27789045769939,6.863245457699378
ridge,fold_3,569,H0570,2024-02-23,139.712011,128.8368344159537,-10.8751765840463
ridge,fold_2,573,H0574,2022-12-12,203.732706,169.0937772414237,-34.6389287585763
ridge,fold_2,575,H0576,2021-11-08,106.693541,119.96208088197606,13.268539881976068
ridge,fold_3,578,H0579,2023-03-02,185.402319,159.8266693270945,-25.575649672905513
ridge,fold_3,579,H0580,2023-11-18,152.297587,156.87596088241438,4.5783738824143825
ridge,fold_1,581,H0582,2021-09-15,203.028468,157.38696512913708,-45.64150287086292
ridge,fold_2,582,H0583,2022-03-31,116.771074,120.99330100602282,4.22222700602282
ridge,fold_2,583,H0584,2022-04-14,125.65067,120.99330100602282,-4.657368993977187
ridge,fold_2,584,H0585,2022-04-26,119.708128,140.69834527441822,20.990217274418214
ridge,fold_3,586,H0587,2024-06-17,124.615442,142.04349309911987,17.42805109911987
ridge,fold_2,588,H0589,2022-02-16,130.719169,136.35518837283496,5.636019372834966
ridge,fold_1,589,H0590,2020-12-19,106.175706,144.1705556276598,37.994849627659804
ridge,fold_2,591,H0592,2022-10-24,131.682477,123.56778037604828,-8.11469662395173
ridge,fold_1,592,H0593,2020-12-22,179.727125,152.79529059162005,-26.931834408379956
ridge,fold_3,597,H0598,2023-06-26,127.387591,146.74111200356973,19.353521003569725
ridge,fold_2,598,H0599,2021-11-26,194.0406,178.64178555968059,-15.398814440319427
ridge,fold_3,599,H0600,2024-02-06,151.330618,143.3255033338488,-8.0051146661512
ridge,fold_1,601,H0602,2021-01-14,127.706965,126.99134184581806,-0.7156231541819409
ridge,fold_1,602,H0603,2020-06-26,125.244514,133.6307724619838,8.386258461983815
ridge,fold_2,605,H0606,2022-06-06,105.020449,126.39216109711975,21.371712097119755
ridge,fold_2,606,H0607,2021-11-02,107.224936,122.13357358145548,14.90863758145548
ridge,fold_2,608,H0609,2022-09-22,166.190016,164.4747982268552,-1.7152177731448148
ridge,fold_3,609,H0610,2024-01-31,134.959825,138.8224898319904,3.8626648319904007
ridge,fold_2,610,H0611,2022-09-30,155.771214,172.81923112910033,17.048017129100344
ridge,fold_1,611,H0612,2021-01-11,132.029839,123.1286668046825,-8.901172195317514
ridge,fold_3,614,H0615,2024-03-17,136.116076,147.96230027710993,11.84622427710994
ridge,fold_3,617,H0618,2023-12-08,113.51782,139.56588031430158,26.04806031430158
ridge,fold_3,618,H0619,2024-04-15,140.841682,141.75901434334548,0.9173323433454925
ridge,fold_1,627,H0628,2020-08-11,137.741162,131.01285265760612,-6.728309342393885
ridge,fold_1,628,H0629,2021-09-04,148.116188,126.75010174175529,-21.366086258244707
ridge,fold_2,629,H0630,2022-04-09,127.845275,145.0039682720838,17.158693272083795
ridge,fold_2,630,H0631,2023-02-04,170.199875,179.95701976665123,9.757144766651237
ridge,fold_3,631,H0632,2023-04-08,167.415438,166.44789932072553,-0.9675386792744689
ridge,fold_1,632,H0633,2020-06-06,175.249614,183.66379745897967,8.414183458979664
ridge,fold_1,633,H0634,2021-04-26,184.516947,157.91684428528555,-26.60010271471444
ridge,fold_3,635,H0636,2024-05-27,119.449952,126.42170469108234,6.971752691082344
ridge,fold_2,637,H0638,2022-11-11,172.114066,140.18509048202677,-31.928975517973242
ridge,fold_1,638,H0639,2020-08-19,137.019615,146.84077519140084,9.82116019140085
ridge,fold_1,639,H0640,2021-06-30,125.55018,114.02548811961951,-11.524691880380487
ridge,fold_1,640,H0641,2020-08-04,116.601689,127.67710184010951,11.075412840109522
ridge,fold_2,644,H0645,2021-11-04,176.233289,152.80908677209922,-23.424202227900793
ridge,fold_3,645,H0646,2024-04-04,110.775019,131.6951146380552,20.9200956380552
ridge,fold_1,646,H0647,2020-07-19,105.219867,116.54803230229442,11.328165302294423
ridge,fold_2,647,H0648,2021-11-23,153.192398,158.97642341072765,5.784025410727651
ridge,fold_1,649,H0650,2020-08-09,139.154641,125.74832810339589,-13.406312896604106
ridge,fold_1,650,H0651,2020-12-06,123.618484,128.10169002719778,4.483206027197781
ridge,fold_2,652,H0653,2022-03-17,123.690005,132.5466539718931,8.856648971893108
ridge,fold_3,653,H0654,2024-03-15,185.112735,175.18507110032616,-9.927663899673831
ridge,fold_2,654,H0655,2022-03-18,144.218166,130.0329482070006,-14.185217792999396
ridge,fold_3,655,H0656,2023-12-12,136.551085,151.91617107233824,15.365086072338244
ridge,fold_2,657,H0658,2021-10-03,171.519427,153.96197710493692,-17.557449895063087
ridge,fold_1,658,H0659,2021-05-23,168.35803,168.88542523202202,0.5273952320220019
ridge,fold_3,662,H0663,2023-10-26,176.292889,157.20126200239122,-19.091626997608785
ridge,fold_1,663,H0664,2020-06-18,133.415695,133.5394008328516,0.12370583285161274
ridge,fold_1,667,H0668,2021-03-06,100.724212,120.73597657294522,20.011764572945225
ridge,fold_1,668,H0669,2021-04-22,127.782479,128.3889266119131,0.6064476119130973
ridge,fold_3,672,H0673,2023-11-25,122.407017,124.76215435541548,2.3551373554154793
ridge,fold_1,674,H0675,2021-02-09,155.038059,145.66213380904694,-9.375925190953069
ridge,fold_2,675,H0676,2022-07-30,127.871087,130.62818097643816,2.7570939764381563
ridge,fold_1,678,H0679,2021-02-21,119.815317,126.05928258478815,6.243965584788157
ridge,fold_2,679,H0680,2022-11-07,183.255159,167.9514435831859,-15.3037154168141
ridge,fold_1,680,H0681,2021-08-18,153.60066,157.0401060381151,3.4394460381151077
ridge,fold_2,681,H0682,2021-10-12,138.325289,132.60692803666035,-5.718360963339649
ridge,fold_2,683,H0684,2022-08-11,157.725541,138.22333671046684,-19.502204289533154
ridge,fold_2,684,H0685,2022-05-21,186.31524,166.98880091813362,-19.32643908186637
ridge,fold_1,685,H0686,2021-01-03,140.247781,127.30835350356611,-12.939427496433893
ridge,fold_2,686,H0687,2022-08-11,161.752058,151.4325812076858,-10.319476792314191
ridge,fold_1,688,H0689,2021-03-09,133.307227,127.91822884522836,-5.388998154771656
ridge,fold_2,690,H0691,2022-11-01,114.226275,135.61036333194204,21.38408833194204
ridge,fold_2,694,H0695,2022-10-16,131.568044,136.70353477274352,5.1354907727435375
ridge,fold_3,697,H0698,2024-05-31,126.422264,126.53772666625878,0.11546266625877877
ridge,fold_2,698,H0699,2022-06-25,139.432085,139.3985468677081,-0.03353813229190905
ridge,fold_3,699,H0700,2024-07-21,196.190354,178.4978296656078,-17.692524334392203
