match_id,competition,stage,group_id,round_in_group,team_a,team_b,venue,city,country,date,local_kickoff_time,utc_datetime,goals_a,goals_b,source_url,retrieval_date
WC26-A01,"2026 FIFA World Cup Canada, Mexico, United States",Group Stage,A,1,Mexico,South Africa,Estadio Azteca,Mexico City,Mexico,2026-06-11,13:00,2026-06-11T19:00:00+00:00,2,0,https://github.com/openfootball/worldcup/blob/master/2026--canada-usa-mexico/cup.txt,2026-08-14
WC26-A02,"2026 FIFA World Cup Canada, Mexico, United States",Group Stage,A,1,South Korea,Czech Republic,Estadio Akron,Guadalajara (Zapopan),Mexico,2026-06-11,20:00,2026-06-12T02:00:00+00:00,2,1,https://github.com/openfootball/worldcup/blob/master/2026--canada-usa-mexico/cup.txt,2026-08-14
WC26-A03,"2026 FIFA World Cup Canada, Mexico, United States",Group Stage,A,2,Czech Republic,South Africa,Mercedes-Benz Stadium,Atlanta,United States,2026-06-18,12:00,2026-06-18T16:00:00+00:00,1,1,https://github.com/openfootball/worldcup/blob/master/2026--canada-usa-mexico/cup.txt,2026-08-14
WC26-A04,"2026 FIFA World Cup Canada, Mexico, United States",Group Stage,A,2,Mexico,South Korea,Estadio Akron,Guadalajara (Zapopan),Mexico,2026-06-18,19:00,2026-06-19T01:00:00+00:00,1,0,https://github.com/openfootball/worldcup/blob/master/2026--canada-usa-mexico/cup.txt,2026-08-14
WC26-A05,"2026 FIFA World Cup Canada, Mexico, United States",Group Stage,A,3,Czech Republic,Mexico,Estadio Azteca,Mexico City,Mexico,2026-06-24,19:00,2026-06-25T01:00:00+00:00,0,3,https://github.com/openfootball/worldcup/blob/master/2026--canada-usa-mexico/cup.txt,2026-08-14
WC26-A06,"2026 FIFA World Cup Canada, Mexico, United States",Group Stage,A,3,South Africa,South Korea,Estadio BBVA,Monterrey (Guadalupe),Mexico,2026-06-24,19:00,2026-06-25T01:00:00+00:00,1,0,https://github.com/openfootball/worldcup/blob/master/2026--canada-usa-mexico/cup.txt,2026-08-14
WC26-B01,"2026 FIFA World Cup Canada, Mexico, United States",Group Stage,B,1,Canada,Bosnia & Herzegovina,BMO Field,Toronto,Canada,2026-06-12,15:00,2026-06-12T19:00:00+00:00,1,1,https://github.com/openfootball/worldcup/blob/master/2026--canada-usa-mexico/cup.txt,2026-08-14
WC26-B02,"2026 FIFA World Cup Canada, Mexico, United States",Group Stage,B,1,Qatar,Switzerland,Levi's Stadium,San Francisco Bay Area (Santa Clara),United States,2026-06-13,12:00,2026-06-13T19:00:00+00:00,1,1,https://github.com/openfootball/worldcup/blob/master/2026--canada-usa-mexico/cup.txt,2026-08-14
WC26-B03,"2026 FIFA World Cup Canada, Mexico, United States",Group Stage,B,2,Switzerland,Bosnia & Herzegovina,SoFi Stadium,Los Angeles (Inglewood),United States,2026-06-18,12:00,2026-06-18T19:00:00+00:00,4,1,https://github.com/openfootball/worldcup/blob/master/2026--canada-usa-mexico/cup.txt,2026-08-14
WC26-B04,"2026 FIFA World Cup Canada, Mexico, United States",Group Stage,B,2,Canada,Qatar,BC Place,Vancouver,Canada,2026-06-18,15:00,2026-06-18T22:00:00+00:00,6,0,https://github.com/openfootball/worldcup/blob/master/2026--canada-usa-mexico/cup.txt,2026-08-14
WC26-B05,"2026 FIFA World Cup Canada, Mexico, United States",Group Stage,B,3,Switzerland,Canada,BC Place,Vancouver,Canada,2026-06-24,12:00,2026-06-24T19:00:00+00:00,2,1,https://github.com/openfootball/worldcup/blob/master/2026--canada-usa-mexico/cup.txt,2026-08-14
WC26-B06,"2026 FIFA World Cup Canada, Mexico, United States",Group Stage,B,3,Bosnia & Herzegovina,Qatar,Lumen Field,Seattle,United States,2026-06-24,12:00,2026-06-24T19:00:00+00:00,3,1,https://github.com/openfootball/worldcup/blob/master/2026--canada-usa-mexico/cup.txt,2026-08-14
WC26-C01,"2026 FIFA World Cup Canada, Mexico, United States",Group Stage,C,1,Brazil,Morocco,MetLife Stadium,New York/New Jersey (East Rutherford),United States,2026-06-13,18:00,2026-06-13T22:00:00+00:00,1,1,https://github.com/openfootball/worldcup/blob/master/2026--canada-usa-mexico/cup.txt,2026-08-14
WC26-C02,"2026 FIFA World Cup Canada, Mexico, United States",Group Stage,C,1,Haiti,Scotland,Gillette Stadium,Boston (Foxborough),United States,2026-06-13,21:00,2026-06-14T01:00:00+00:00,0,1,https://github.com/openfootball/worldcup/blob/master/2026--canada-usa-mexico/cup.txt,2026-08-14
WC26-C03,"2026 FIFA World Cup Canada, Mexico, United States",Group Stage,C,2,Scotland,Morocco,Gillette Stadium,Boston (Foxborough),United States,2026-06-19,18:00,2026-06-19T22:00:00+00:00,0,1,https://github.com/openfootball/worldcup/blob/master/2026--canada-usa-mexico/cup.txt,2026-08-14
WC26-C04,"2026 FIFA World Cup Canada, Mexico, United States",Group Stage,C,2,Brazil,Haiti,Lincoln Financial Field,Philadelphia,United States,2026-06-19,20:30,2026-06-20T00:30:00+00:00,3,0,https://github.com/openfootball/worldcup/blob/master/2026--canada-usa-mexico/cup.txt,2026-08-14
WC26-C05,"2026 FIFA World Cup Canada, Mexico, United States",Group Stage,C,3,Scotland,Brazil,Hard Rock Stadium,Miami (Miami Gardens),United States,2026-06-24,18:00,2026-06-24T22:00:00+00:00,0,3,https://github.com/openfootball/worldcup/blob/master/2026--canada-usa-mexico/cup.txt,2026-08-14
WC26-C06,"2026 FIFA World Cup Canada, Mexico, United States",Group Stage,C,3,Morocco,Haiti,Mercedes-Benz Stadium,Atlanta,United States,2026-06-24,18:00,2026-06-24T22:00:00+00:00,4,2,https://github.com/openfootball/worldcup/blob/master/2026--canada-usa-mexico/cup.txt,2026-08-14
WC26-D01,"2026 FIFA World Cup Canada, Mexico, United States",Group Stage,D,1,USA,Paraguay,SoFi Stadium,Los Angeles (Inglewood),United States,2026-06-12,18:00,2026-06-13T01:00:00+00:00,4,1,https://github.com/openfootball/worldcup/blob/master/2026--canada-usa-mexico/cup.txt,2026-08-14
WC26-D02,"2026 FIFA World Cup Canada, Mexico, United States",Group Stage,D,1,Australia,Turkey,BC Place,Vancouver,Canada,2026-06-13,21:00,2026-06-14T04:00:00+00:00,2,0,https://github.com/openfootball/worldcup/blob/master/2026--canada-usa-mexico/cup.txt,2026-08-14
WC26-D03,"2026 FIFA World Cup Canada, Mexico, United States",Group Stage,D,2,USA,Australia,Lumen Field,Seattle,United States,2026-06-19,12:00,2026-06-19T19:00:00+00:00,2,0,https://github.com/openfootball/worldcup/blob/master/2026--canada-usa-mexico/cup.txt,2026-08-14
WC26-D04,"2026 FIFA World Cup Canada, Mexico, United States",Group Stage,D,2,Turkey,Paraguay,Levi's Stadium,San Francisco Bay Area (Santa Clara),United States,2026-06-19,20:00,2026-06-20T03:00:00+00:00,0,1,https://github.com/openfootball/worldcup/blob/master/2026--canada-usa-mexico/cup.txt,2026-08-14
WC26-D05,"2026 FIFA World Cup Canada, Mexico, United States",Group Stage,D,3,Turkey,USA,SoFi Stadium,Los Angeles (Inglewood),United States,2026-06-25,19:00,2026-06-26T02:00:00+00:00,3,2,https://github.com/openfootball/worldcup/blob/master/2026--canada-usa-mexico/cup.txt,2026-08-14
WC26-D06,"2026 FIFA World Cup Canada, Mexico, United States",Group Stage,D,3,Paraguay,Australia,Levi's Stadium,San Francisco Bay Area (Santa Clara),United States,2026-06-25,19:00,2026-06-26T02:00:00+00:00,0,0,https://github.com/openfootball/worldcup/blob/master/2026--canada-usa-mexico/cup.txt,2026-08-14
WC26-E01,"2026 FIFA World Cup Canada, Mexico, United States",Group Stage,E,1,Germany,Curaçao,NRG Stadium,Houston,United States,2026-06-14,12:00,2026-06-14T17:00:00+00:00,7,1,https://github.com/openfootball/worldcup/blob/master/2026--canada-usa-mexico/cup.txt,2026-08-14
WC26-E02,"2026 FIFA World Cup Canada, Mexico, United States",Group Stage,E,1,Ivory Coast,Ecuador,Lincoln Financial Field,Philadelphia,United States,2026-06-14,19:00,2026-06-14T23:00:00+00:00,1,0,https://github.com/openfootball/worldcup/blob/master/2026--canada-usa-mexico/cup.txt,2026-08-14
WC26-E03,"2026 FIFA World Cup Canada, Mexico, United States",Group Stage,E,2,Germany,Ivory Coast,BMO Field,Toronto,Canada,2026-06-20,16:00,2026-06-20T20:00:00+00:00,2,1,https://github.com/openfootball/worldcup/blob/master/2026--canada-usa-mexico/cup.txt,2026-08-14
WC26-E04,"2026 FIFA World Cup Canada, Mexico, United States",Group Stage,E,2,Ecuador,Curaçao,Arrowhead Stadium,Kansas City,United States,2026-06-20,19:00,2026-06-21T00:00:00+00:00,0,0,https://github.com/openfootball/worldcup/blob/master/2026--canada-usa-mexico/cup.txt,2026-08-14
WC26-E05,"2026 FIFA World Cup Canada, Mexico, United States",Group Stage,E,3,Curaçao,Ivory Coast,Lincoln Financial Field,Philadelphia,United States,2026-06-25,16:00,2026-06-25T20:00:00+00:00,0,2,https://github.com/openfootball/worldcup/blob/master/2026--canada-usa-mexico/cup.txt,2026-08-14
WC26-E06,"2026 FIFA World Cup Canada, Mexico, United States",Group Stage,E,3,Ecuador,Germany,MetLife Stadium,New York/New Jersey (East Rutherford),United States,2026-06-25,16:00,2026-06-25T20:00:00+00:00,2,1,https://github.com/openfootball/worldcup/blob/master/2026--canada-usa-mexico/cup.txt,2026-08-14
WC26-F01,"2026 FIFA World Cup Canada, Mexico, United States",Group Stage,F,1,Netherlands,Japan,AT&T Stadium,Dallas (Arlington),United States,2026-06-14,15:00,2026-06-14T20:00:00+00:00,2,2,https://github.com/openfootball/worldcup/blob/master/2026--canada-usa-mexico/cup.txt,2026-08-14
WC26-F02,"2026 FIFA World Cup Canada, Mexico, United States",Group Stage,F,1,Sweden,Tunisia,Estadio BBVA,Monterrey (Guadalupe),Mexico,2026-06-14,20:00,2026-06-15T02:00:00+00:00,5,1,https://github.com/openfootball/worldcup/blob/master/2026--canada-usa-mexico/cup.txt,2026-08-14
WC26-F03,"2026 FIFA World Cup Canada, Mexico, United States",Group Stage,F,2,Netherlands,Sweden,NRG Stadium,Houston,United States,2026-06-20,12:00,2026-06-20T17:00:00+00:00,5,1,https://github.com/openfootball/worldcup/blob/master/2026--canada-usa-mexico/cup.txt,2026-08-14
WC26-F04,"2026 FIFA World Cup Canada, Mexico, United States",Group Stage,F,2,Tunisia,Japan,Estadio BBVA,Monterrey (Guadalupe),Mexico,2026-06-20,22:00,2026-06-21T04:00:00+00:00,0,4,https://github.com/openfootball/worldcup/blob/master/2026--canada-usa-mexico/cup.txt,2026-08-14
WC26-F05,"2026 FIFA World Cup Canada, Mexico, United States",Group Stage,F,3,Japan,Sweden,AT&T Stadium,Dallas (Arlington),United States,2026-06-25,18:00,2026-06-25T23:00:00+00:00,1,1,https://github.com/openfootball/worldcup/blob/master/2026--canada-usa-mexico/cup.txt,2026-08-14
WC26-F06,"2026 FIFA World Cup Canada, Mexico, United States",Group Stage,F,3,Tunisia,Netherlands,Arrowhead Stadium,Kansas City,United States,2026-06-25,18:00,2026-06-25T23:00:00+00:00,1,3,https://github.com/openfootball/worldcup/blob/master/2026--canada-usa-mexico/cup.txt,2026-08-14
WC26-G01,"2026 FIFA World Cup Canada, Mexico, United States",Group Stage,G,1,Belgium,Egypt,Lumen Field,Seattle,United States,2026-06-15,12:00,2026-06-15T19:00:00+00:00,1,1,https://github.com/openfootball/worldcup/blob/master/2026--canada-usa-mexico/cup.txt,2026-08-14
WC26-G02,"2026 FIFA World Cup Canada, Mexico, United States",Group Stage,G,1,Iran,New Zealand,SoFi Stadium,Los Angeles (Inglewood),United States,2026-06-15,18:00,2026-06-16T01:00:00+00:00,2,2,https://github.com/openfootball/worldcup/blob/master/2026--canada-usa-mexico/cup.txt,2026-08-14
WC26-G03,"2026 FIFA World Cup Canada, Mexico, United States",Group Stage,G,2,Belgium,Iran,SoFi Stadium,Los Angeles (Inglewood),United States,2026-06-21,12:00,2026-06-21T19:00:00+00:00,0,0,https://github.com/openfootball/worldcup/blob/master/2026--canada-usa-mexico/cup.txt,2026-08-14
WC26-G04,"2026 FIFA World Cup Canada, Mexico, United States",Group Stage,G,2,New Zealand,Egypt,BC Place,Vancouver,Canada,2026-06-21,18:00,2026-06-22T01:00:00+00:00,1,3,https://github.com/openfootball/worldcup/blob/master/2026--canada-usa-mexico/cup.txt,2026-08-14
WC26-G05,"2026 FIFA World Cup Canada, Mexico, United States",Group Stage,G,3,Egypt,Iran,Lumen Field,Seattle,United States,2026-06-26,20:00,2026-06-27T03:00:00+00:00,1,1,https://github.com/openfootball/worldcup/blob/master/2026--canada-usa-mexico/cup.txt,2026-08-14
WC26-G06,"2026 FIFA World Cup Canada, Mexico, United States",Group Stage,G,3,New Zealand,Belgium,BC Place,Vancouver,Canada,2026-06-26,20:00,2026-06-27T03:00:00+00:00,1,5,https://github.com/openfootball/worldcup/blob/master/2026--canada-usa-mexico/cup.txt,2026-08-14
WC26-H01,"2026 FIFA World Cup Canada, Mexico, United States",Group Stage,H,1,Spain,Cape Verde,Mercedes-Benz Stadium,Atlanta,United States,2026-06-15,12:00,2026-06-15T16:00:00+00:00,0,0,https://github.com/openfootball/worldcup/blob/master/2026--canada-usa-mexico/cup.txt,2026-08-14
WC26-H02,"2026 FIFA World Cup Canada, Mexico, United States",Group Stage,H,1,Saudi Arabia,Uruguay,Hard Rock Stadium,Miami (Miami Gardens),United States,2026-06-15,18:00,2026-06-15T22:00:00+00:00,1,1,https://github.com/openfootball/worldcup/blob/master/2026--canada-usa-mexico/cup.txt,2026-08-14
WC26-H03,"2026 FIFA World Cup Canada, Mexico, United States",Group Stage,H,2,Spain,Saudi Arabia,Mercedes-Benz Stadium,Atlanta,United States,2026-06-21,12:00,2026-06-21T16:00:00+00:00,4,0,https://github.com/openfootball/worldcup/blob/master/2026--canada-usa-mexico/cup.txt,2026-08-14
WC26-H04,"2026 FIFA World Cup Canada, Mexico, United States",Group Stage,H,2,Uruguay,Cape Verde,Hard Rock Stadium,Miami (Miami Gardens),United States,2026-06-21,18:00,2026-06-21T22:00:00+00:00,2,2,https://github.com/openfootball/worldcup/blob/master/2026--canada-usa-mexico/cup.txt,2026-08-14
WC26-H05,"2026 FIFA World Cup Canada, Mexico, United States",Group Stage,H,3,Cape Verde,Saudi Arabia,NRG Stadium,Houston,United States,2026-06-26,19:00,2026-06-27T00:00:00+00:00,0,0,https://github.com/openfootball/worldcup/blob/master/2026--canada-usa-mexico/cup.txt,2026-08-14
WC26-H06,"2026 FIFA World Cup Canada, Mexico, United States",Group Stage,H,3,Uruguay,Spain,Estadio Akron,Guadalajara (Zapopan),Mexico,2026-06-26,18:00,2026-06-27T00:00:00+00:00,0,1,https://github.com/openfootball/worldcup/blob/master/2026--canada-usa-mexico/cup.txt,2026-08-14
WC26-I01,"2026 FIFA World Cup Canada, Mexico, United States",Group Stage,I,1,France,Senegal,MetLife Stadium,New York/New Jersey (East Rutherford),United States,2026-06-16,15:00,2026-06-16T19:00:00+00:00,3,1,https://github.com/openfootball/worldcup/blob/master/2026--canada-usa-mexico/cup.txt,2026-08-14
WC26-I02,"2026 FIFA World Cup Canada, Mexico, United States",Group Stage,I,1,Iraq,Norway,Gillette Stadium,Boston (Foxborough),United States,2026-06-16,18:00,2026-06-16T22:00:00+00:00,1,4,https://github.com/openfootball/worldcup/blob/master/2026--canada-usa-mexico/cup.txt,2026-08-14
WC26-I03,"2026 FIFA World Cup Canada, Mexico, United States",Group Stage,I,2,France,Iraq,Lincoln Financial Field,Philadelphia,United States,2026-06-22,17:00,2026-06-22T21:00:00+00:00,3,0,https://github.com/openfootball/worldcup/blob/master/2026--canada-usa-mexico/cup.txt,2026-08-14
WC26-I04,"2026 FIFA World Cup Canada, Mexico, United States",Group Stage,I,2,Norway,Senegal,MetLife Stadium,New York/New Jersey (East Rutherford),United States,2026-06-22,20:00,2026-06-23T00:00:00+00:00,3,2,https://github.com/openfootball/worldcup/blob/master/2026--canada-usa-mexico/cup.txt,2026-08-14
WC26-I05,"2026 FIFA World Cup Canada, Mexico, United States",Group Stage,I,3,Norway,France,Gillette Stadium,Boston (Foxborough),United States,2026-06-26,15:00,2026-06-26T19:00:00+00:00,1,4,https://github.com/openfootball/worldcup/blob/master/2026--canada-usa-mexico/cup.txt,2026-08-14
WC26-I06,"2026 FIFA World Cup Canada, Mexico, United States",Group Stage,I,3,Senegal,Iraq,BMO Field,Toronto,Canada,2026-06-26,15:00,2026-06-26T19:00:00+00:00,5,0,https://github.com/openfootball/worldcup/blob/master/2026--canada-usa-mexico/cup.txt,2026-08-14
WC26-J01,"2026 FIFA World Cup Canada, Mexico, United States",Group Stage,J,1,Argentina,Algeria,Arrowhead Stadium,Kansas City,United States,2026-06-16,20:00,2026-06-17T01:00:00+00:00,3,0,https://github.com/openfootball/worldcup/blob/master/2026--canada-usa-mexico/cup.txt,2026-08-14
WC26-J02,"2026 FIFA World Cup Canada, Mexico, United States",Group Stage,J,1,Austria,Jordan,Levi's Stadium,San Francisco Bay Area (Santa Clara),United States,2026-06-16,21:00,2026-06-17T04:00:00+00:00,3,1,https://github.com/openfootball/worldcup/blob/master/2026--canada-usa-mexico/cup.txt,2026-08-14
WC26-J03,"2026 FIFA World Cup Canada, Mexico, United States",Group Stage,J,2,Argentina,Austria,AT&T Stadium,Dallas (Arlington),United States,2026-06-22,12:00,2026-06-22T17:00:00+00:00,2,0,https://github.com/openfootball/worldcup/blob/master/2026--canada-usa-mexico/cup.txt,2026-08-14
WC26-J04,"2026 FIFA World Cup Canada, Mexico, United States",Group Stage,J,2,Jordan,Algeria,Levi's Stadium,San Francisco Bay Area (Santa Clara),United States,2026-06-22,20:00,2026-06-23T03:00:00+00:00,1,2,https://github.com/openfootball/worldcup/blob/master/2026--canada-usa-mexico/cup.txt,2026-08-14
WC26-J05,"2026 FIFA World Cup Canada, Mexico, United States",Group Stage,J,3,Algeria,Austria,Arrowhead Stadium,Kansas City,United States,2026-06-27,21:00,2026-06-28T02:00:00+00:00,3,3,https://github.com/openfootball/worldcup/blob/master/2026--canada-usa-mexico/cup.txt,2026-08-14
WC26-J06,"2026 FIFA World Cup Canada, Mexico, United States",Group Stage,J,3,Jordan,Argentina,AT&T Stadium,Dallas (Arlington),United States,2026-06-27,21:00,2026-06-28T02:00:00+00:00,1,3,https://github.com/openfootball/worldcup/blob/master/2026--canada-usa-mexico/cup.txt,2026-08-14
WC26-K01,"2026 FIFA World Cup Canada, Mexico, United States",Group Stage,K,1,Portugal,DR Congo,NRG Stadium,Houston,United States,2026-06-17,12:00,2026-06-17T17:00:00+00:00,1,1,https://github.com/openfootball/worldcup/blob/master/2026--canada-usa-mexico/cup.txt,2026-08-14
WC26-K02,"2026 FIFA World Cup Canada, Mexico, United States",Group Stage,K,1,Uzbekistan,Colombia,Estadio Azteca,Mexico City,Mexico,2026-06-17,20:00,2026-06-18T02:00:00+00:00,1,3,https://github.com/openfootball/worldcup/blob/master/2026--canada-usa-mexico/cup.txt,2026-08-14
WC26-K03,"2026 FIFA World Cup Canada, Mexico, United States",Group Stage,K,2,Portugal,Uzbekistan,NRG Stadium,Houston,United States,2026-06-23,12:00,2026-06-23T17:00:00+00:00,5,0,https://github.com/openfootball/worldcup/blob/master/2026--canada-usa-mexico/cup.txt,2026-08-14
WC26-K04,"2026 FIFA World Cup Canada, Mexico, United States",Group Stage,K,2,Colombia,DR Congo,Estadio Akron,Guadalajara (Zapopan),Mexico,2026-06-23,20:00,2026-06-24T02:00:00+00:00,1,0,https://github.com/openfootball/worldcup/blob/master/2026--canada-usa-mexico/cup.txt,2026-08-14
WC26-K05,"2026 FIFA World Cup Canada, Mexico, United States",Group Stage,K,3,Colombia,Portugal,Hard Rock Stadium,Miami (Miami Gardens),United States,2026-06-27,19:30,2026-06-27T23:30:00+00:00,0,0,https://github.com/openfootball/worldcup/blob/master/2026--canada-usa-mexico/cup.txt,2026-08-14
WC26-K06,"2026 FIFA World Cup Canada, Mexico, United States",Group Stage,K,3,DR Congo,Uzbekistan,Mercedes-Benz Stadium,Atlanta,United States,2026-06-27,19:30,2026-06-27T23:30:00+00:00,3,1,https://github.com/openfootball/worldcup/blob/master/2026--canada-usa-mexico/cup.txt,2026-08-14
WC26-L01,"2026 FIFA World Cup Canada, Mexico, United States",Group Stage,L,1,England,Croatia,AT&T Stadium,Dallas (Arlington),United States,2026-06-17,15:00,2026-06-17T20:00:00+00:00,4,2,https://github.com/openfootball/worldcup/blob/master/2026--canada-usa-mexico/cup.txt,2026-08-14
WC26-L02,"2026 FIFA World Cup Canada, Mexico, United States",Group Stage,L,1,Ghana,Panama,BMO Field,Toronto,Canada,2026-06-17,19:00,2026-06-17T23:00:00+00:00,1,0,https://github.com/openfootball/worldcup/blob/master/2026--canada-usa-mexico/cup.txt,2026-08-14
WC26-L03,"2026 FIFA World Cup Canada, Mexico, United States",Group Stage,L,2,England,Ghana,Gillette Stadium,Boston (Foxborough),United States,2026-06-23,16:00,2026-06-23T20:00:00+00:00,0,0,https://github.com/openfootball/worldcup/blob/master/2026--canada-usa-mexico/cup.txt,2026-08-14
WC26-L04,"2026 FIFA World Cup Canada, Mexico, United States",Group Stage,L,2,Panama,Croatia,BMO Field,Toronto,Canada,2026-06-23,19:00,2026-06-23T23:00:00+00:00,0,1,https://github.com/openfootball/worldcup/blob/master/2026--canada-usa-mexico/cup.txt,2026-08-14
WC26-L05,"2026 FIFA World Cup Canada, Mexico, United States",Group Stage,L,3,Panama,England,MetLife Stadium,New York/New Jersey (East Rutherford),United States,2026-06-27,17:00,2026-06-27T21:00:00+00:00,0,2,https://github.com/openfootball/worldcup/blob/master/2026--canada-usa-mexico/cup.txt,2026-08-14
WC26-L06,"2026 FIFA World Cup Canada, Mexico, United States",Group Stage,L,3,Croatia,Ghana,Lincoln Financial Field,Philadelphia,United States,2026-06-27,17:00,2026-06-27T21:00:00+00:00,2,1,https://github.com/openfootball/worldcup/blob/master/2026--canada-usa-mexico/cup.txt,2026-08-14
