match_id,group_id,round_in_group,team_a,team_b,venue_id,slot_id,city,country,reference_date,reference_kickoff_time,local_datetime,utc_datetime,required_security_level,expected_attendance,expected_tv_viewers,ticket_revenue_usd,broadcast_value_usd,travel_cost_index,fairness_penalty,risk_index,total_objective_value
GA01,A,1,Mexico,South Africa,V01,S011,Atlanta,United States,2026-06-11,12:00,2026-06-11T12:00:00-04:00,2026-06-11T16:00:00+00:00,2,38058.0,150447576.57630873,3044640.0,2819763.7039814666,0.4132556713520297,0.5,0.3791417840375587,0.3187898737709609
GA02,A,1,South Korea,Czechia,V02,S011,Boston,United States,2026-06-11,12:00,2026-06-11T12:00:00-04:00,2026-06-11T16:00:00+00:00,3,45103.0,165818268.24929234,3608240.0,3107848.8926623617,0.5024697951311434,0.5,0.4753933027717903,
GA03,A,2,Mexico,South Korea,V09,S082,Miami,United States,2026-06-18,15:00,2026-06-18T15:00:00-04:00,2026-06-18T19:00:00+00:00,3,44008.0,179677696.18029016,4180760.0,2199255.0012467518,0.11708070205521323,0.5,0.4838445504655149,
GA04,A,2,South Africa,Czechia,V10,S082,Monterrey,Mexico,2026-06-18,15:00,2026-06-18T13:00:00-06:00,2026-06-18T19:00:00+00:00,3,46116.0,152815627.70708072,4381020.0,1870463.2831346684,0.09584633669339573,0.5,0.5385943925233645,
GA05,A,3,Mexico,Czechia,V01,S152,Atlanta,United States,2026-06-25,15:00,2026-06-25T15:00:00-04:00,2026-06-25T19:00:00+00:00,2,37158.0,156779103.4531627,4087380.0,3138717.6511323173,0.0948136398244995,0.5,0.3753389671361502,
GA06,A,3,South Africa,South Korea,V02,S152,Boston,United States,2026-06-25,15:00,2026-06-25T15:00:00-04:00,2026-06-25T19:00:00+00:00,2,41308.0,158686212.68423516,4543880.0,3176897.9779383875,0.12889585954236496,0.5,0.39144469069087307,
GB01,B,1,Canada,Bosnia and Herzegovina,V03,S012,Dallas,United States,2026-06-11,15:00,2026-06-11T14:00:00-05:00,2026-06-11T19:00:00+00:00,3,47891.0,170115715.66876176,3831280.0,1872548.7402238953,0.3189091345937408,0.5,0.40284361702127663,
GB02,B,1,Qatar,Switzerland,V04,S012,Guadalajara,Mexico,2026-06-11,15:00,2026-06-11T13:00:00-06:00,2026-06-11T19:00:00+00:00,2,41648.0,160879849.5485012,3331840.0,1770884.943905127,0.6565842102991072,0.5,0.44824887492805776,
GB03,B,2,Canada,Qatar,V11,S083,New York/New Jersey,United States,2026-06-18,18:00,2026-06-18T18:00:00-04:00,2026-06-18T22:00:00+00:00,3,47317.0,171878422.4855618,4495115.0,2041915.659128474,0.11692625223636981,0.5,0.3870618181818182,
GB04,B,2,Bosnia and Herzegovina,Switzerland,V12,S083,Philadelphia,United States,2026-06-18,18:00,2026-06-18T18:00:00-04:00,2026-06-18T22:00:00+00:00,2,33856.0,163183140.23883286,3216320.0,1938615.7060373344,0.11301166810384002,0.5,0.3392727551391842,
GB05,B,3,Canada,Switzerland,V03,S153,Dallas,United States,2026-06-25,18:00,2026-06-25T17:00:00-05:00,2026-06-25T22:00:00+00:00,3,45758.0,182590347.8375725,5033380.0,4386550.516449842,0.08376087915811234,0.5,0.396036170212766,
GB06,B,3,Bosnia and Herzegovina,Qatar,V04,S153,Guadalajara,Mexico,2026-06-25,18:00,2026-06-25T16:00:00-06:00,2026-06-25T22:00:00+00:00,3,46989.0,154775727.7113414,5168790.0,3718332.082537266,0.11503545409303395,0.5,0.5482474880905328,
GC01,C,1,Brazil,Morocco,V07,S022,Los Angeles,United States,2026-06-12,15:00,2026-06-12T12:00:00-07:00,2026-06-12T19:00:00+00:00,4,50404.0,199753895.7877214,4032320.0,1901657.087899108,0.5071794447051925,0.5,0.4752790432801823,
GC02,C,1,Haiti,Scotland,V05,S022,Houston,United States,2026-06-12,15:00,2026-06-12T14:00:00-05:00,2026-06-12T19:00:00+00:00,2,34899.0,147018171.66752687,2791920.0,1399612.9942748558,0.27632565834301204,0.5,0.3983028708575648,
GC03,C,2,Brazil,Haiti,V13,S091,San Francisco Bay Area,United States,2026-06-19,12:00,2026-06-19T09:00:00-07:00,2026-06-19T16:00:00+00:00,1,32034.0,157237426.3513799,3043230.0,3509539.3561627995,0.1426184417453153,0.5,0.25696155717761554,
GC04,C,2,Morocco,Scotland,V14,S091,Seattle,United States,2026-06-19,12:00,2026-06-19T09:00:00-07:00,2026-06-19T16:00:00+00:00,3,47021.0,180465898.40640327,4466995.0,4027998.8524309215,0.1572207169447596,0.5,0.4944391304347826,
GC05,C,3,Brazil,Scotland,V05,S161,Houston,United States,2026-06-26,12:00,2026-06-26T11:00:00-05:00,2026-06-26T16:00:00+00:00,2,37830.0,175969375.59573624,4161300.0,6542541.384649473,0.08598756023031767,0.5,0.4104781685590325,
GC06,C,3,Morocco,Haiti,V06,S161,Kansas City,United States,2026-06-26,12:00,2026-06-26T11:00:00-05:00,2026-06-26T16:00:00+00:00,1,33507.0,157935064.38119677,3685770.0,5872025.693692896,0.08792737358330768,0.5,0.32154444095477386,
GD01,D,1,United States,Paraguay,V08,S023,Mexico City,Mexico,2026-06-12,18:00,2026-06-12T16:00:00-06:00,2026-06-12T22:00:00+00:00,3,45358.0,181388903.7411077,3628640.0,1726822.3636153454,0.25118048244249036,0.5,0.3804722758589171,
GD02,D,1,Australia,Turkey,V09,S023,Miami,United States,2026-06-12,18:00,2026-06-12T18:00:00-04:00,2026-06-12T22:00:00+00:00,3,47267.0,184254758.3210234,3781360.0,1754105.2992161429,0.7088526112566029,0.5,0.4989402010283015,
GD03,D,2,United States,Australia,V03,S092,Dallas,United States,2026-06-19,15:00,2026-06-19T14:00:00-05:00,2026-06-19T19:00:00+00:00,4,52473.0,180653590.2619328,4984935.0,2601411.6997718327,0.08544675274669353,0.5,0.46746702127659573,
GD04,D,2,Paraguay,Turkey,V07,S092,Los Angeles,United States,2026-06-19,15:00,2026-06-19T12:00:00-07:00,2026-06-19T19:00:00+00:00,4,56083.0,185643452.4268677,5327885.0,2673265.714946895,0.12736535279681516,0.5,0.49953445330296126,
GD05,D,3,United States,Turkey,V07,S162,Los Angeles,United States,2026-06-26,15:00,2026-06-26T12:00:00-07:00,2026-06-26T19:00:00+00:00,3,50782.0,189023159.38559672,5586020.0,4216728.639573893,0.12407030051794274,0.5,0.4268935079726651,
GD06,D,3,Paraguay,Australia,V08,S162,Mexico City,Mexico,2026-06-26,15:00,2026-06-26T13:00:00-06:00,2026-06-26T19:00:00+00:00,3,49657.0,180791723.1157347,5462270.0,4033101.75926581,0.09016584083907851,0.5,0.3952078310844007,
GE01,E,1,Germany,Curacao,V06,S032,Kansas City,United States,2026-06-13,15:00,2026-06-13T14:00:00-05:00,2026-06-13T19:00:00+00:00,1,32210.0,157812042.2171985,2576800.0,1502370.6419077297,0.31802976137979566,0.5,0.3164525753768844,
GE02,E,1,Ivory Coast,Ecuador,V10,S032,Monterrey,Mexico,2026-06-13,15:00,2026-06-13T13:00:00-06:00,2026-06-13T19:00:00+00:00,3,50415.0,184969750.90959743,4033200.0,1760912.0286593677,0.37178439056185275,0.5,0.5627009345794393,
GE03,E,2,Germany,Ivory Coast,V15,S101,Toronto,Canada,2026-06-20,12:00,2026-06-20T12:00:00-04:00,2026-06-20T16:00:00+00:00,2,40477.0,190033104.2143623,3845315.0,4104715.0510302256,0.10790976508981774,0.5,0.47021465201465207,
GE04,E,2,Curacao,Ecuador,V16,S101,Vancouver,Canada,2026-06-20,12:00,2026-06-20T09:00:00-07:00,2026-06-20T16:00:00+00:00,2,34961.0,153155451.778352,3321295.0,3308157.7584124035,0.15009690414598814,0.5,0.40577920489296637,
GE05,E,3,Germany,Ecuador,V09,S172,Miami,United States,2026-06-27,15:00,2026-06-27T15:00:00-04:00,2026-06-27T19:00:00+00:00,3,47231.0,195935824.4811381,5195410.0,3698484.6229059636,0.11645946288335218,0.5,0.49877344944184543,
GE06,E,3,Curacao,Ivory Coast,V10,S172,Monterrey,Mexico,2026-06-27,15:00,2026-06-27T13:00:00-06:00,2026-06-27T19:00:00+00:00,2,37457.0,155488891.24784356,4120270.0,2935008.311194295,0.09516057093651968,0.5,0.423372585669782,
GF01,F,1,Netherlands,Japan,V11,S033,New York/New Jersey,United States,2026-06-13,18:00,2026-06-13T18:00:00-04:00,2026-06-13T22:00:00+00:00,3,48424.0,205345610.6152872,3873920.0,2138161.1705316785,0.4924034982372165,0.5,0.39108727272727273,
GF02,F,1,Sweden,Tunisia,V12,S033,Philadelphia,United States,2026-06-13,18:00,2026-06-13T18:00:00-04:00,2026-06-13T22:00:00+00:00,2,41625.0,166182432.87013727,3330000.0,1730374.5822603044,0.38078738119837097,0.5,0.37276174875950724,
GF03,F,2,Netherlands,Sweden,V01,S102,Atlanta,United States,2026-06-20,15:00,2026-06-20T15:00:00-04:00,2026-06-20T19:00:00+00:00,3,46080.0,189112392.6686705,4377600.0,2655137.993068134,0.09347216001812451,0.5,0.47970422535211266,
GF04,F,2,Japan,Tunisia,V02,S102,Boston,United States,2026-06-20,15:00,2026-06-20T15:00:00-04:00,2026-06-20T19:00:00+00:00,2,41635.0,175494269.9128084,3955325.0,2463939.54957583,0.12812544826092853,0.5,0.3929338069360535,
GF05,F,3,Netherlands,Tunisia,V11,S173,New York/New Jersey,United States,2026-06-27,18:00,2026-06-27T18:00:00-04:00,2026-06-27T22:00:00+00:00,2,33648.0,168879157.6525466,3701280.0,3284361.858026727,0.11692625223636981,0.5,0.28735636363636363,
GF06,F,3,Japan,Sweden,V03,S173,Dallas,United States,2026-06-27,18:00,2026-06-27T17:00:00-05:00,2026-06-27T22:00:00+00:00,4,50930.0,195143169.3685556,5602300.0,3795144.35787967,0.08376087915811234,0.5,0.46254255319148935,
GG01,G,1,Belgium,Egypt,V13,S041,San Francisco Bay Area,United States,2026-06-14,12:00,2026-06-14T09:00:00-07:00,2026-06-14T16:00:00+00:00,2,39424.0,177180272.46412906,3153920.0,3426223.518775096,0.5870755754078103,0.5,0.35599318734793184,
GG02,G,1,Iran,New Zealand,V14,S041,Seattle,United States,2026-06-14,12:00,2026-06-14T09:00:00-07:00,2026-06-14T16:00:00+00:00,2,38877.0,155658085.86446267,3110160.0,3010038.2354040467,0.6861325371217828,0.5,0.392363768115942,
GG03,G,2,Belgium,Iran,V04,S111,Guadalajara,Mexico,2026-06-21,12:00,2026-06-21T10:00:00-06:00,2026-06-21T16:00:00+00:00,3,44203.0,179527453.63056913,4199285.0,4200942.414955318,0.11478989015026797,0.5,0.530860706038984,
GG04,G,2,Egypt,New Zealand,V05,S111,Houston,United States,2026-06-21,12:00,2026-06-21T11:00:00-05:00,2026-06-21T16:00:00+00:00,2,43509.0,153292681.08839545,4133355.0,3587048.7374684536,0.08466276537873822,0.5,0.43406858672574533,
GG05,G,3,Belgium,New Zealand,V12,S181,Philadelphia,United States,2026-06-28,12:00,2026-06-28T12:00:00-04:00,2026-06-28T16:00:00+00:00,2,34961.0,163470890.37227446,3845710.0,6171353.053334106,0.11301166810384002,0.5,0.3440359599210683,
GG06,G,3,Egypt,Iran,V13,S181,San Francisco Bay Area,United States,2026-06-28,12:00,2026-06-28T09:00:00-07:00,2026-06-28T16:00:00+00:00,3,49711.0,170842570.3973316,5468210.0,6449648.717640063,0.13681226199359015,0.5,0.4677124087591241,
GH01,H,1,Spain,Cape Verde,V15,S042,Toronto,Canada,2026-06-14,15:00,2026-06-14T15:00:00-04:00,2026-06-14T19:00:00+00:00,2,38024.0,164470378.13295665,3041920.0,1957197.4997821844,0.33102710157268606,0.5,0.45404102564102566,
GH02,H,1,Saudi Arabia,Uruguay,V16,S042,Vancouver,Canada,2026-06-14,15:00,2026-06-14T12:00:00-07:00,2026-06-14T19:00:00+00:00,2,35423.0,171547102.29801285,2833840.0,2041410.5173463535,0.6266848737587892,0.5,0.40832232415902137,
GH03,H,2,Spain,Saudi Arabia,V06,S112,Kansas City,United States,2026-06-21,15:00,2026-06-21T14:00:00-05:00,2026-06-21T19:00:00+00:00,2,34404.0,165371058.20682704,3268380.0,1905074.590542648,0.08420924784339714,0.5,0.4250659547738693,
GH04,H,2,Cape Verde,Uruguay,V08,S112,Mexico City,Mexico,2026-06-21,15:00,2026-06-21T13:00:00-06:00,2026-06-21T19:00:00+00:00,1,32327.0,160468965.8942925,3071065.0,1848602.4871022496,0.11484016844503914,0.5,0.235806302343384,
GH05,H,3,Spain,Uruguay,V07,S182,Los Angeles,United States,2026-06-28,15:00,2026-06-28T12:00:00-07:00,2026-06-28T19:00:00+00:00,4,58377.0,206157228.90999636,6421470.0,4481033.527587681,0.12663289447238926,0.5,0.5093322892938497,
GH06,H,3,Cape Verde,Saudi Arabia,V14,S182,Seattle,United States,2026-06-28,15:00,2026-06-28T12:00:00-07:00,2026-06-28T19:00:00+00:00,3,46248.0,152982654.5184385,5087280.0,3325230.978612779,0.14399282800266006,0.5,0.49107826086956524,
GI01,I,1,France,Senegal,V01,S052,Atlanta,United States,2026-06-15,15:00,2026-06-15T15:00:00-04:00,2026-06-15T19:00:00+00:00,2,40598.0,186854212.7972026,3247840.0,1945619.4907508718,0.3831262587861207,0.5,0.3898741784037558,
GI02,I,1,Iraq,Norway,V02,S052,Boston,United States,2026-06-15,15:00,2026-06-15T15:00:00-04:00,2026-06-15T19:00:00+00:00,2,41981.0,159235523.93201354,3358480.0,1658039.892942091,0.4204721456535597,0.5,0.394509446755113,
GI03,I,2,France,Iraq,V09,S122,Miami,United States,2026-06-22,15:00,2026-06-22T15:00:00-04:00,2026-06-22T19:00:00+00:00,2,37304.0,160544184.21315685,3543880.0,2080652.6274025128,0.11645946288335218,0.5,0.40279169947658533,
GI04,I,2,Senegal,Norway,V10,S122,Monterrey,Mexico,2026-06-22,15:00,2026-06-22T13:00:00-06:00,2026-06-22T19:00:00+00:00,3,43334.0,181997406.9302665,4116730.0,2358686.3938162536,0.09516057093651968,0.5,0.5229943925233644,
GI05,I,3,France,Norway,V15,S192,Toronto,Canada,2026-06-29,15:00,2026-06-29T15:00:00-04:00,2026-06-29T19:00:00+00:00,3,42132.0,177185035.36536792,4634520.0,3851293.9287016373,0.10790976508981774,0.5,0.5477934065934066,
GI06,I,3,Senegal,Iraq,V16,S192,Vancouver,Canada,2026-06-29,15:00,2026-06-29T12:00:00-07:00,2026-06-29T19:00:00+00:00,2,37006.0,161084359.2991389,4070660.0,3501329.6337260837,0.15009690414598814,0.5,0.4170360856269113,
GJ01,J,1,Argentina,Algeria,V03,S053,Dallas,United States,2026-06-15,18:00,2026-06-15T17:00:00-05:00,2026-06-15T22:00:00+00:00,2,42249.0,170718785.0531197,3379920.0,1574453.9951523964,0.4526142931523524,0.5,0.33483723404255317,
GJ02,J,1,Austria,Jordan,V04,S053,Guadalajara,Mexico,2026-06-15,18:00,2026-06-15T16:00:00-06:00,2026-06-15T22:00:00+00:00,2,39723.0,166535417.48275575,3177840.0,1535872.887734715,0.6316414856612933,0.5,0.43623539486731433,
GJ03,J,2,Argentina,Austria,V11,S123,New York/New Jersey,United States,2026-06-22,18:00,2026-06-22T18:00:00-04:00,2026-06-22T22:00:00+00:00,3,46961.0,193756640.7217681,4461295.0,2371581.282434442,0.11612884678148784,0.5,0.38576727272727274,
GJ04,J,2,Algeria,Jordan,V12,S123,Philadelphia,United States,2026-06-22,18:00,2026-06-22T18:00:00-04:00,2026-06-22T22:00:00+00:00,3,44133.0,166367044.5003642,4192635.0,2036332.6246844581,0.11217898394026579,0.5,0.4502393815736537,
GJ05,J,3,Argentina,Jordan,V01,S193,Atlanta,United States,2026-06-29,18:00,2026-06-29T18:00:00-04:00,2026-06-29T22:00:00+00:00,1,31616.0,166934934.48101538,3477760.0,3437524.170833069,0.0948136398244995,0.5,0.28525539906103287,
GJ06,J,3,Algeria,Austria,V02,S193,Boston,United States,2026-06-29,18:00,2026-06-29T18:00:00-04:00,2026-06-29T22:00:00+00:00,3,43288.0,182564339.50038797,4761680.0,3759364.8789919885,0.12889585954236496,0.5,0.46712802453019214,
GK01,K,1,Portugal,DR Congo,V05,S061,Houston,United States,2026-06-16,12:00,2026-06-16T11:00:00-05:00,2026-06-16T16:00:00+00:00,1,31289.0,156038737.38391468,2503120.0,2970977.5597897354,0.5370397058525918,0.5,0.3166403581648666,
GK02,K,1,Uzbekistan,Colombia,V06,S061,Kansas City,United States,2026-06-16,12:00,2026-06-16T11:00:00-05:00,2026-06-16T16:00:00+00:00,2,42345.0,177479345.7313522,3387600.0,3379206.7427249462,0.4222633253776973,0.5,0.45624136306532664,
GK03,K,2,Portugal,Uzbekistan,V13,S132,San Francisco Bay Area,United States,2026-06-23,15:00,2026-06-23T12:00:00-07:00,2026-06-23T19:00:00+00:00,2,35073.0,161432798.7628463,3331935.0,1859705.8417479894,0.13651496663534637,0.5,0.3369377128953771,
GK04,K,2,DR Congo,Colombia,V14,S132,Seattle,United States,2026-06-23,15:00,2026-06-23T12:00:00-07:00,2026-06-23T19:00:00+00:00,2,36558.0,162698219.0794463,3473010.0,1874283.4837952212,0.14399282800266006,0.5,0.38228115942028984,
GK05,K,3,Portugal,Colombia,V04,S201,Guadalajara,Mexico,2026-06-30,12:00,2026-06-30T10:00:00-06:00,2026-06-30T16:00:00+00:00,3,48071.0,198161379.52010256,5287810.0,7027595.1633009175,0.11478989015026797,0.5,0.5549999999999999,
GK06,K,3,DR Congo,Uzbekistan,V05,S201,Houston,United States,2026-06-30,12:00,2026-06-30T11:00:00-05:00,2026-06-30T16:00:00+00:00,2,43065.0,155652075.3652373,4737150.0,5520045.200752775,0.08466276537873822,0.5,0.43222422228376256,
GL01,L,1,England,Croatia,V07,S062,Los Angeles,United States,2026-06-16,15:00,2026-06-16T12:00:00-07:00,2026-06-16T19:00:00+00:00,3,47972.0,197629264.4458609,3837760.0,1940225.3036972396,0.528538585282891,0.5,0.4148917995444191,
GL02,L,1,Ghana,Panama,V08,S062,Mexico City,Mexico,2026-06-16,15:00,2026-06-16T13:00:00-06:00,2026-06-16T19:00:00+00:00,1,32445.0,147210607.69912377,2595600.0,1445240.1410861479,0.3498791053355266,0.5,0.2362107674554117,
GL03,L,2,England,Ghana,V15,S133,Toronto,Canada,2026-06-23,18:00,2026-06-23T18:00:00-04:00,2026-06-23T22:00:00+00:00,2,42319.0,171591524.4348337,4020305.0,1853188.463896204,0.10790976508981774,0.5,0.482359706959707,
GL04,L,2,Croatia,Panama,V16,S133,Vancouver,Canada,2026-06-23,18:00,2026-06-23T15:00:00-07:00,2026-06-23T22:00:00+00:00,1,31920.0,147213867.8699952,3032400.0,1589909.7729959483,0.15009690414598814,0.5,0.3223730886850153,
GL05,L,3,England,Panama,V06,S202,Kansas City,United States,2026-06-30,15:00,2026-06-30T14:00:00-05:00,2026-06-30T19:00:00+00:00,1,30170.0,153756034.74008626,3318700.0,3693834.978595832,0.08420924784339714,0.5,0.3084437814070352,
GL06,L,3,Croatia,Ghana,V08,S202,Mexico City,Mexico,2026-06-30,15:00,2026-06-30T13:00:00-06:00,2026-06-30T19:00:00+00:00,2,40667.0,165978155.63721523,4473370.0,3987459.2110284586,0.11484016844503914,0.5,0.31439307382059567,
